time_s,time_min,T_celsius,cooling_rate_degC_s,c_kg_m3,sigma,mean_L1_um,mean_L2_um,aspect_ratio,nucleation_rate,mu00,mu11
0.0,0.0,35.0,0.0,240.0,0.026262372799172668,100.0,60.00000000000001,1.6666666666666665,208777754.60752735,96096096096.09607,576.5765765765765
60.0,1.0,34.99999874999998,6.250000000000001e-08,234.10283385597737,0.0010457425791521378,162.66174277090323,79.92979681358385,2.0350576287622855,737723.1044677716,97715079562.11899,1284.9448821649007
120.0,2.0,34.99999,2.5000000000000004e-07,233.94280531683253,0.0003628581439314064,164.00663958310983,80.44686808740268,2.0386951472731343,90150.14635142128,97731597239.27127,1304.167529509631
180.0,3.0,34.99996625,5.625e-07,233.9026601905465,0.00019502726186208333,164.33344257514037,80.58227844985441,2.039324845814623,26138.833456936853,97734525766.05083,1308.9897669013424
240.0,4.0,34.999919999999996,1.0000000000000002e-06,233.88553536206757,0.000129264610231421,164.47019168178878,80.64154097944338,2.0395219347769467,11501.031193552719,97735535676.964,1311.0468033552656
300.0,5.0,34.999843750000004,1.5625000000000003e-06,233.87565404601514,9.931756299703376e-05,164.5481026443081,80.67629737944424,2.0396090052371916,6795.518752493365,97736042310.6296,1312.2337482264302
360.0,6.0,34.99973,2.25e-06,233.86846888994873,8.695157930535998e-05,164.60442199602187,80.70177012464913,2.039663092169845,5212.079187331716,97736392477.52246,1313.0968300362097
420.0,7.0,34.99957125,3.0625000000000003e-06,233.86208716237962,8.52834699797756e-05,164.65428745565893,80.72446925039137,2.0397072781604035,5016.943895584331,97736693449.26149,1313.8634039183837
480.0,8.0,34.99936,4.000000000000001e-06,233.85542261880533,9.08785187596315e-05,164.7064196924707,80.74812968642017,2.0397552281656157,5700.284569081916,97737013737.4188,1314.6639496930734
540.0,9.0,34.99908875,5.0625e-06,233.8477162225326,0.0001017009297607576,164.76685153987597,80.77537109774588,2.0398154697487234,7143.805073340635,97737394763.67572,1315.589642939049
600.0,10.0,34.99875,6.250000000000001e-06,233.83834705230916,0.00011630509875052671,164.84061332132828,80.80826925264864,2.0398978328065764,9350.796764809656,97737881484.26883,1316.7150687917147
660.0,11.0,34.99833625,7.5625e-06,233.82663255459022,0.00013298113882847363,164.933229092866,80.84912335477897,2.040012584541114,12237.56689482688,97738522399.68599,1318.1222156648603
720.0,12.0,34.99784,9e-06,233.81217349187082,0.00015123003050210334,165.04798603199254,80.8991859363198,2.0401686880002834,15847.579323154474,97739355854.91216,1319.8590400155374
780.0,13.0,34.99725375,1.0562500000000001e-05,233.79441300220137,0.00016987747621848029,165.1894150181346,80.96029157559481,2.0403757422722815,20029.02796726232,97740425803.38559,1321.992432168024
840.0,14.0,34.99657,1.2250000000000001e-05,233.7731088575997,0.00018909381946726825,165.35952622007875,81.03311115732694,2.040641459502041,24864.676702189325,97741765596.75212,1324.5514885766358
900.0,15.0,34.99578125,1.40625e-05,233.74784518000513,0.00020830513980505872,165.56172148088166,81.1189573656779,2.0409744757263386,30242.799709058665,97743414404.16461,1327.586164563973
960.0,16.0,34.994879999999995,1.6000000000000003e-05,233.7183757508513,0.0002276617569552982,165.7979900097428,81.21849501894974,2.0413821995970145,36220.85083244875,97745406994.15134,1331.1260359338005
1020.0,17.0,34.993858749999994,1.8062500000000005e-05,233.68444869758486,0.00024728807917623173,166.0703721681086,81.33241205213633,2.0418719668814553,42865.94782465905,97747778149.97046,1335.2013576474892
1080.0,18.0,34.992709999999995,2.025e-05,233.64574642110912,0.0002670251709447512,166.38138812081178,81.4616082294053,2.0424515515611055,50155.66329403984,97750566815.42613,1339.8502797466767
1140.0,19.0,34.991426249999996,2.25625e-05,233.60198631134338,0.00028686147625461676,166.73325187370565,81.60684203012866,2.043128342255285,58111.289605060985,97753811393.35577,1345.1067493882085
1200.0,20.0,34.989999999999995,2.5000000000000005e-05,233.55286957543353,0.0003067134923248725,167.12824345149005,81.76889919207106,2.0439096661789975,66724.07388857461,97757552158.11188,1351.006657605606
1260.0,21.0,34.988423749999995,2.7562499999999996e-05,233.49810777350024,0.0003265390477806762,167.56852860886988,81.9485126636037,2.044802561539267,75997.00315552748,97761829616.42421,1357.58465183183
1320.0,22.0,34.986689999999996,3.025e-05,233.43742308826268,0.00034633816931766586,168.0561288071917,82.14635204154975,2.045813656121804,85951.33195615432,97766684286.03914,1364.8741035120154
1380.0,23.0,34.984791249999994,3.3062500000000004e-05,233.3705353106328,0.00036609700478213835,168.5930352180912,82.36307022147388,2.046949376276836,96603.59820175605,97772157755.29962,1372.9086713954873
1440.0,24.0,34.98271999999999,3.6e-05,233.2971699950697,0.0003858224112164913,169.18113485267406,82.59927245750838,2.0482157992336565,107982.8198815439,97778292122.80782,1381.7213219135758
1500.0,25.0,34.98046874999999,3.90625e-05,233.21704317989602,0.0004054760694963887,169.8223187509556,82.85556071084542,2.0496188462668457,120095.00775900588,97785131276.27548,1391.3461645770792
1560.0,26.0,34.97803,4.2250000000000004e-05,233.1298768145252,0.00042504020880674713,170.51823027415946,83.13242711846941,2.051163862101119,132956.79390080547,97792721008.65791,1401.8165988558578
1620.0,27.0,34.975396249999996,4.55625e-05,233.0353913047969,0.00044448522763679575,171.27042276800697,83.43032186535774,2.052855831533386,146577.46672233753,97801108511.54959,1413.1662096340333
1680.0,28.0,34.972559999999994,4.9000000000000005e-05,232.93330763137692,0.00046377833673329677,172.08088556877985,83.74989619370675,2.054699687875083,160962.853520645,97810335261.79907,1425.4285127475441
1740.0,29.0,34.96951375,5.25625e-05,232.82334651962765,0.0004828795356027779,172.95140725659263,84.09170940492058,2.056699863523912,176111.67448336002,97820445274.40395,1438.6370546994094
1800.0,30.0,34.96625,5.625e-05,232.70524041593305,0.0005017926195438854,173.88300314867305,84.45598180880233,2.058859531611653,192052.8869663563,97831488819.6264,1452.8239740621225
1860.0,31.0,34.96276125,6.00625e-05,232.5787227421602,0.0005205185932582333,174.8766188774391,84.8429035654264,2.0611814486356357,208816.18296569184,97843516688.32362,1468.0212922330331
1920.0,32.0,34.95904,6.400000000000001e-05,232.44351006718335,0.0005389784378390186,175.93429775146956,85.25314705759979,2.06366924651594,226366.92091917346,97856570677.2622,1484.2630549930152
1980.0,33.0,34.95507875,6.806250000000001e-05,232.2993268258259,0.0005571188255485422,177.05756105767577,85.68715607287142,2.0663255635080207,244683.1877561539,97870696781.10161,1501.582363264185
2040.0,34.0,34.950869999999995,7.225000000000002e-05,232.14592327833068,0.0005749890699079475,178.24666206195135,86.14483758340035,2.069150828561067,263830.31915313244,97885948293.971,1520.0092158161601
2100.0,35.0,34.946406249999995,7.65625e-05,231.9830461435168,0.0005926142797718354,179.50201969811636,86.62616926272271,2.0721454177861274,283859.9397581021,97902377509.02774,1539.5740368148265
2160.0,36.0,34.94168,8.1e-05,231.8104126297498,0.0006098826498608875,180.82548567550242,87.13173640109079,2.0753113979401734,304693.34863275965,97920028378.3969,1560.3107952252728
2220.0,37.0,34.93668374999999,8.55625e-05,231.62775459882306,0.0006267351518033914,182.21818782965994,87.6618181667843,2.0786494238914126,326289.4123810393,97938948995.94649,1582.251699841101
2280.0,38.0,34.93140999999999,9.025e-05,231.43483271391662,0.0006432263119861979,183.680025158044,88.21619297921104,2.0821576963917483,348720.1663415277,97959192360.09872,1605.425499829862
2340.0,39.0,34.925851249999994,9.506250000000001e-05,231.2314067428037,0.0006593955980649633,185.21092597176516,88.79465176213273,2.0858342512330235,372050.568359518,97980811316.79799,1629.8610519154954
2400.0,40.0,34.919999999999995,0.00010000000000000002,231.0172129553134,0.0006751688727582037,186.81180457838445,89.39738821766778,2.0896785499317807,396220.4901729367,98003854710.55154,1655.5900353978147
2460.0,41.0,34.91384874999999,0.00010506249999999999,230.79200272363525,0.0006905246100659354,188.48292586274857,90.02433178278575,2.0936886964907173,421220.4351609849,98028373957.62976,1682.6423154792733
2520.0,42.0,34.90738999999999,0.00011024999999999998,230.55553949443066,0.0007054803732431378,190.22451112131031,90.67542959176099,2.0978617027538693,447085.86414478335,98054416806.25659,1711.0463069753193
2580.0,43.0,34.90061624999999,0.0001155625,230.30758441257794,0.000720029920835218,192.03663460431073,91.35055241795799,2.1021945628274006,473823.8623086511,98082033421.89558,1740.830701191865
2640.0,44.0,34.893519999999995,0.000121,230.04789538528058,0.0007341383678844594,193.9192163844839,92.04948846918575,2.1066843456647755,501400.64544890437,98111276783.40086,1772.0245783447006
2700.0,45.0,34.88609374999999,0.00012656250000000002,229.77623705591336,0.0007477847999932834,195.87209383788846,92.77200857877041,2.1113275096504815,529794.0174560571,98142198461.21492,1804.656209499923
2760.0,46.0,34.87832999999999,0.00013225000000000002,229.49237685866544,0.0007609444770627212,197.89499309720853,93.51784037429093,2.116120221608668,558970.3368156796,98174850287.38802,1838.7535304906642
2820.0,47.0,34.87022124999999,0.0001380625,229.19610078878264,0.0007736569870270766,199.9875927047213,94.28673636752939,2.121057535867721,588986.1762502011,98209279669.76425,1874.3422475937016
2880.0,48.0,34.86175999999999,0.000144,228.8872007397793,0.0007859706246101456,202.1494725536644,95.0784193155118,2.1261341323191756,619918.0401550594,98245533354.47728,1911.4473585850958
2940.0,49.0,34.85293874999999,0.0001500625,228.5654477750047,0.000797824754385263,204.3800054281037,95.89246676418594,2.131345791017192,651673.9940078085,98283665367.77287,1950.0963633628223
3000.0,50.0,34.84374999999999,0.00015625,228.23062834899477,0.0008092071717560899,206.67850348339644,96.7284674956689,2.1366874595904317,684227.5342064181,98323726253.55457,1990.3149130336858
3060.0,51.0,34.834186249999995,0.0001625625,227.88253251649428,0.0008201019551528692,209.04417057285494,97.58597065725297,2.1421539301696533,717539.9833351147,98365766576.83812,2032.128226246958
3120.0,52.0,34.82423999999999,0.00016900000000000002,227.5209634106049,0.0008305304138098298,211.47630901706574,98.46459528590684,2.147739585005273,751632.7021113383,98409833327.48453,2075.5599506781173
3180.0,53.0,34.81390374999999,0.00017556250000000002,227.14574193295465,0.0008405713389204686,213.97442194641144,99.36408444973222,2.1534382682775086,786635.7638386486,98455968140.62204,2120.631599645113
3240.0,54.0,34.80316999999999,0.00018225,226.7566621579964,0.000850163958126533,216.53724066376543,100.2837903018865,2.1592446796428275,822426.9271936566,98504224217.46826,2167.3679089494062
3300.0,55.0,34.792031249999994,0.00018906250000000002,226.35353561757208,0.000859301822439087,219.16369074398682,101.22318567398574,2.1651530653249504,858973.2999696961,98554649522.56203,2215.791517408785
3360.0,56.0,34.78047999999999,0.00019600000000000002,225.93617818408293,0.0008679744395431045,221.85260610097367,102.18171266670372,2.1711576397687953,896228.2287995162,98607291760.64542,2265.9245424525275
3420.0,57.0,34.76850874999999,0.00020306249999999998,225.5044149693664,0.0008761882434333917,224.60287490247046,103.1588502382817,2.1772526000791106,934174.1704519531,98662196462.39923,2317.7879916677293
3480.0,58.0,34.75610999999999,0.00021025,225.0580993475995,0.0008840506223524608,227.41400530842554,104.15437614961029,2.183432071848442,973012.213626647,98719399551.13373,2371.399477765855
3540.0,59.0,34.743276249999994,0.00021756249999999998,224.59705144862414,0.0008914961309385215,230.28429656065816,105.1675200340379,2.189690281620463,1012578.5994985101,98778951376.87688,2426.780606771904
3600.0,60.0,34.72999999999999,0.000225,224.12111136423235,0.0008985215976531519,233.212421820172,106.19769642012402,2.1960214739269923,1052832.5342840597,98840895925.71124,2483.9505868790266
3660.0,61.0,34.71627374999999,0.0002325625,223.63012425559202,0.0009051193773415188,236.19698552619766,107.24429972662433,2.202419952652828,1093717.334693326,98905276639.13326,2542.92801734633
3720.0,62.0,34.70208999999999,0.00024025,223.12394108772816,0.0009112798591416148,239.23654296956676,108.30671263851822,2.2088801067024963,1135164.8303591947,98972136147.57706,2603.730800272923
3780.0,63.0,34.68744124999999,0.0002480625,222.602446524507,0.0009171161338479569,242.33032924273186,109.38461798865954,2.2153967687472793,1177413.034450448,99041506149.86746,2666.372789849037
3840.0,64.0,34.67231999999999,0.00025600000000000004,222.06549550168634,0.0009225788581996436,245.47660255235124,110.47728984646112,2.221964377416473,1220302.6392767427,99113430425.07828,2730.871411208875
3900.0,65.0,34.65671874999999,0.00026406250000000003,221.51296275730715,0.0009276773856673056,248.67393881684652,111.58414747719928,2.228577664830568,1263814.2226828325,99187946862.46811,2797.241710834002
3960.0,66.0,34.640629999999994,0.00027225000000000003,220.94472990456993,0.0009324212037760341,251.9208943014499,112.70461094731876,2.2352314797413624,1307927.53093494,99265092151.5553,2865.497909360997
4020.0,67.0,34.62404624999999,0.00028056250000000005,220.36068557824248,0.000936819891639416,255.2160098974105,113.8381029227402,2.2419207922906166,1352621.5029528567,99344901728.99976,2935.653383994926
4080.0,68.0,34.606959999999994,0.0002890000000000001,219.76072554891292,0.0009408829387285325,258.5576277857631,114.98395399559642,2.2486409520728876,1397873.8753690603,99427410379.64973,3007.7206547852647
4140.0,69.0,34.58936375,0.0002975625,219.14475293487075,0.0009446200163154382,261.9442782111347,116.1416011417227,2.2553871794095133,1443662.0842444228,99512650851.42528,3081.711359174713
4200.0,70.0,34.57124999999999,0.00030625,218.51267830649198,0.0009480407712779988,265.3744382628629,117.3104632623314,2.26215489124298,1489962.8188603818,99600654657.11958,3157.636239460452
4260.0,71.0,34.55261124999999,0.0003150625,217.86441983651372,0.0009511548388858416,268.8465589175711,118.48995466072444,2.2689396724588753,1536752.1832292469,99691451942.61205,3235.5051247431256
4320.0,72.0,34.53343999999999,0.000324,217.19990344915155,0.0009539718630268156,272.35908526351136,119.67949500424905,2.2757372535190066,1584005.8956338242,99785071378.63037,3315.326913014858
4380.0,73.0,34.51372875,0.00033306249999999997,216.51906285298202,0.0009565009930047043,275.91042410961796,120.87848806026851,2.282543639791825,1631697.7260436446,99881539956.28876,3397.1095672093975
4440.0,74.0,34.493469999999995,0.00034225,215.82183977372787,0.0009587513125362251,279.49897507537264,122.08634042479784,2.289355009764889,1679800.9156049383,99980883055.07791,3480.8600872399234
4500.0,75.0,34.47265624999999,0.0003515625,215.10818427516023,0.0009607327024451939,283.12318934585034,123.30249768917214,2.296167512028533,1728291.3870258275,100083124630.95126,3566.5844714522564
4560.0,76.0,34.45128,0.000361,214.37805466672683,0.0009624548083227814,286.7814976403867,124.52639817280074,2.302977536075768,1777144.475763906,100188286841.15173,3654.2877277205316
4620.0,77.0,34.42933375,0.0003705625,213.63141772577887,0.0009639274794940981,290.4723378606913,125.75748946798204,2.3097816208763122,1826336.6409220505,100296390097.811,3743.9738467533175
4680.0,78.0,34.40680999999999,0.00038025000000000005,212.8682486089461,0.0009651597746549099,294.1941373208348,126.9952202483033,2.3165764565439644,1875841.8782918754,100407453135.28079,3835.645812739237
4740.0,79.0,34.383701249999994,0.00039006250000000006,212.08852887488516,0.0009661500525055256,297.945125710583,128.23895679325562,2.323358932113931,1925592.1235900894,100521494037.31654,3929.305840854666
4800.0,80.0,34.35999999999999,0.0004000000000000001,211.2922521152855,0.0009669119020174683,301.723830858382,129.48820319894998,2.3301260146053884,1975577.6878452266,100638527397.5344,4024.9547008666364
4860.0,81.0,34.33569875,0.0004100625000000001,210.4794196140689,0.0009674532609461864,305.5286790793464,130.7424233158345,2.336874836267037,2025767.8311021004,100758566547.81566,4122.592238550314
4920.0,82.0,34.31079,0.00042024999999999994,209.6500416975335,0.000967782251795824,309.35810673066715,132.00109006615858,2.343602667035687,2076133.0497426663,100881622894.416,4222.217213509516
4980.0,83.0,34.28526624999999,0.00043056249999999996,208.80413786775458,0.000967907344885343,313.2105624443327,133.2636861309379,2.350306910590695,2126646.0410186243,101007705872.45737,4323.827283152634
5040.0,84.0,34.259119999999996,0.00044099999999999993,207.94173568514293,0.0009678315306248293,317.084389746076,134.52965585057692,2.356985065792958,2177255.8933392144,101136823602.01297,4427.419136919796
5100.0,85.0,34.23234375,0.0004515625,207.06287299687017,0.0009675625452867352,320.97803005196363,135.79848779231952,2.363634789091646,2227932.307536051,101268981667.50679,4532.988228604214
5160.0,86.0,34.20493,0.00046225,206.1675974484411,0.000967110194360305,324.88996514361924,137.06969105172053,2.3702538661229524,2278655.6596686104,101404183420.98677,4640.528835022121
5220.0,87.0,34.17687125,0.0004730625,205.25596597492338,0.0009664835405220716,328.8186580688389,138.3427709158879,2.3768401911564996,2329404.750989787,101542430296.80833,4750.03411712635
5280.0,88.0,34.14816,0.000484,204.32804524875203,0.0009656927341552492,332.7625855143624,139.61724183033152,2.383391772763631,2380165.5754984277,101683721589.77808,4861.496066216002
5340.0,89.0,34.11878874999999,0.0004950625000000001,203.3839098593503,0.0009647397626603669,336.7202204792521,140.8926205925938,2.3899067180595277,2430885.5717592556,101828054938.1105,4974.9057226005925
5400.0,90.0,34.08875,0.0005062500000000001,202.42364129798807,0.0009636129523873541,340.6900227817431,142.1684225382772,2.3963832242002705,2481441.008777969,101975426589.51978,5090.253297538998
5460.0,91.0,34.058036249999994,0.0005175625,201.447336939243,0.0009623310065855513,344.6705263607466,143.4441946329369,2.402819627819258,2531860.6547158244,102125828975.04666,5207.527094385251
5520.0,92.0,34.02663999999999,0.0005290000000000001,200.45510150200084,0.0009609008822510523,348.6602568354797,144.71948382548965,2.4092143477785792,2582116.9624224855,102279253001.46056,5326.714534294219
5580.0,93.0,33.994553749999994,0.0005405625000000001,199.4470496795483,0.0009593305161976007,352.65775728056576,145.99384667621305,2.4155658975319314,2632189.3315161197,102435687335.62398,5447.801840294528
5640.0,94.0,33.961769999999994,0.00055225,198.42330623535352,0.0009576291836122964,356.6615894310936,147.26684961155465,2.4218728815878037,2682066.8028454487,102595118371.39316,5570.774025783388
5700.0,95.0,33.92828125,0.0005640625,197.38400025832084,0.0009557782890589367,360.67030173976946,148.53805903832495,2.4281339346618998,2731582.3337091133,102757531554.66754,5695.615584586113
5760.0,96.0,33.894079999999995,0.000576,196.329277850744,0.0009537952332892495,364.6825019969456,149.80706343692316,2.434347844689557,2780768.573886278,102922908422.12102,5822.308966877624
5820.0,97.0,33.85915875,0.0005880624999999999,195.25929301988435,0.0009516876522336337,368.6968062795193,151.07345762938365,2.4405134565994606,2829607.059433411,103091228708.43684,5950.835673287191
5880.0,98.0,33.82351,0.00060025,194.17420970728082,0.0009494636195079061,372.7118510689991,152.33684636502142,2.4466296891556154,2878084.4576850617,103262469863.58755,6081.176011137465
5940.0,99.0,33.78712625,0.0006125625,193.0742020515444,0.0009471330698276344,376.72629533083915,153.59684483470537,2.452695533793396,2926201.721154867,103436606980.89806,6213.309062877574
6000.0,100.0,33.75,0.000625,191.95944628395318,0.0009446656854501748,380.73877219015304,154.85306292797276,2.4587099860417174,2973710.602929763,103613614761.47688,6347.213659585231
6060.0,101.0,33.71212375,0.0006375625,190.8301329757716,0.0009420540824214549,384.7479633362937,156.10512912022799,2.4646721443724706,3020494.721551377,103793464520.34697,6482.866909817252
6120.0,102.0,33.67349,0.00065025,189.68647006117297,0.000939330604675608,388.75261773719865,157.35269637239216,2.470581227392339,3066692.520719558,103976123439.92065,6620.243836495767
6180.0,103.0,33.63409125,0.0006630625,188.52867089639653,0.0009365053624819801,392.7514801207925,158.59541889702172,2.4764364749766936,3112309.449796721,104161557469.10411,6759.318811243686
6240.0,104.0,33.59392,0.0006760000000000001,187.35695909739056,0.0009335916742724459,396.743320612866,159.83296158712275,2.482237184828779,3157376.874097577,104349730134.6511,6900.064973286446
6300.0,105.0,33.55296875,0.0006890625,186.17156859434363,0.000930606785271914,400.72693550554436,161.06500012267816,2.487982710087997,3201958.99237645,104540602517.82855,7042.454222901692
6360.0,106.0,33.51123,0.0007022500000000001,184.9727436862162,0.0009275726640997548,404.70114800140146,162.29122106927713,2.493672457049584,3246160.8105423693,104734133231.08215,7186.45721486895
6420.0,107.0,33.46869625,0.0007155625,183.76073909527202,0.0009245168820495821,408.664808932442,163.51132196874318,2.4993058829929975,3290137.2824548758,104930278394.70189,7332.043351919303
6480.0,108.0,33.425360000000005,0.000729,182.53578810742533,0.0009212985812420019,412.6167100827019,164.72498331093652,2.5048823911782856,3332839.2051560525,105128999174.34364,7479.184611720706
6540.0,109.0,33.38121375,0.0007425625000000002,181.29815658694682,0.0009179014698065085,416.55573219684993,165.93191602853514,2.5104015078402115,3374065.6190276807,105330248973.87715,7627.849058625033
6600.0,110.0,33.33625,0.0007562500000000001,180.04813865124146,0.0009144145695849149,420.4808340211338,167.13185781876928,2.5158628612690075,3414393.670424644,105533974449.66809,7778.001363214266
6660.0,111.0,33.29046125,0.0007700625000000001,178.78602323093585,0.0009108493333571581,424.3909611773606,168.32454368714812,2.5212660725588742,3453854.56914591,105740123422.48239,7929.606819106831
6720.0,112.0,33.243840000000006,0.0007840000000000001,177.5121089384179,0.0009072214343009082,428.28508723881237,169.5097190281222,2.5266108025803438,3492517.436139526,105948641344.53418,8082.629556946827
6780.0,113.0,33.19637875,0.0007980624999999998,176.2267040675857,0.0009035516537289303,432.1622141282088,170.68713961702406,2.53189675038122,3530498.696636592,106159471289.12996,8237.03254443418
6840.0,114.0,33.148070000000004,0.0008122499999999999,174.9301265935967,0.000899866860719452,436.02137248786164,171.85657159420043,2.5371236516775473,3567972.7957928013,106372553940.31276,8392.777586354781
6900.0,115.0,33.098906250000006,0.0008265624999999999,173.62270417261675,0.0008962010887869082,439.8616220219454,173.01779144143575,2.5422912774310427,3605184.372584736,106587827582.50635,8549.82532461063
6960.0,116.0,33.048880000000004,0.000841,172.3047320262136,0.0008923520734150925,443.6819552370054,174.17055917557477,2.5473992696420433,3640467.807264525,106805238991.51532,8708.140297151549
7020.0,117.0,32.99798375,0.0008555624999999999,170.97655125209562,0.0008883314711550441,447.48147670837835,175.31466790325283,2.552447448124081,3673833.6493622377,107024723153.74864,8867.681531279837
7080.0,118.0,32.94621,0.0008702499999999999,169.63852543894754,0.0008842361987882461,451.2593503476947,176.44992911454463,2.5574357134184744,3706012.954431432,107246209308.93544,9028.405352679005
7140.0,119.0,32.89355125,0.0008850625,168.2910112952257,0.0008800782301558855,455.01473217854965,177.5761539225469,2.5623639330369365,3737060.0744960047,107469628542.29846,9190.268913486434
7200.0,120.0,32.84,0.0009,166.93437399254384,0.0008758743059068074,458.7468056385228,178.69316273019268,2.567232000539275,3767076.2716059103,107694909802.57208,9353.228349244016
7260.0,121.0,32.785548750000004,0.0009150625,165.56898709990224,0.000871646904719429,462.45478159099434,179.8007851170486,2.572039834475365,3796220.7076568715,107921979908.60597,9517.238786798564
7320.0,122.0,32.73019,0.00093025,164.1952325179169,0.0008674253110719128,466.137898310776,180.89885971968565,2.5767873773946754,3824722.861633268,108150763555.96889,9682.25435220221
7380.0,123.0,32.673916250000005,0.0009455625,162.81350041304856,0.0008632467844997882,469.79542144407895,181.98723410587039,2.581474594920088,3852896.515330714,108381183323.55229,9848.228178612824
7440.0,124.0,32.61672,0.000961,161.42414188228787,0.0008588647555814398,473.4266150166117,183.06576185022152,2.5861013563199986,3878510.225306064,108613173055.23718,10015.11809221771
7500.0,125.0,32.55859375,0.0009765625,160.02756356435216,0.0008543295661365098,477.0307981404634,184.1343076145915,2.59066767252808,3901940.111959979,108846651077.35806,10182.875247525302
7560.0,126.0,32.49953,0.00099225,158.6241845129641,0.0008497308094672034,480.60731979704906,185.19274487206965,2.5951735859255742,3923947.5472528557,109081532389.53528,10351.4493077521
7620.0,127.0,32.43952125,0.0010080625,157.2144173317049,0.0008450804989282599,484.15554691845733,186.24095455699555,2.599619122819147,3944607.9421596923,109317733990.62001,10520.79071090636
7680.0,128.0,32.37856,0.0010240000000000002,155.79868131160967,0.000840395509685808,487.67487216234133,187.27882564421233,2.6040043260887056,3964048.4064212744,109555171149.36482,10690.84909169858
7740.0,129.0,32.31663875,0.0010400625000000002,154.37740229830158,0.0008356985268612917,491.16471365160305,188.30625497508922,2.6083292544720758,3982459.0051680147,109793757430.0121,10861.573297501356
7800.0,130.0,32.253750000000004,0.0010562500000000001,152.95101255912596,0.0008310190806110832,494.62451469226164,189.3231470789439,2.6125939818970645,4000105.3111453434,110033404717.88245,11032.911404309238
7860.0,131.0,32.18988625,0.0010725625000000002,151.5199506502848,0.0008263946714876435,498.0537434704179,190.32941399018154,2.616798596858554,4017342.3670297163,110274023244.96304,11204.81073269857
7920.0,132.0,32.125040000000006,0.0010890000000000001,150.08461366070395,0.0008215544192752294,501.4519222086535,191.32498857028574,2.6209431708625903,4031514.8936982243,110515536274.00645,11377.223584299874
7980.0,133.0,32.05920375,0.0011055625000000002,148.64545834969755,0.0008165868588368163,504.8185626706038,192.30979513149322,2.625027822038032,4043427.276854627,110757848952.90344,11550.095093129474
8040.0,134.0,31.99237,0.0011222500000000002,147.2029430370558,0.0008115641926217083,508.15320335536035,193.2837662114289,2.6290526789482285,4053755.371269935,111000866185.69008,11723.370205759114
8100.0,135.0,31.92453125,0.0011390625,145.75752082805303,0.0008064968191535166,511.4554127873174,194.24684412095945,2.633017875280532,4062579.584592868,111244494702.59218,11896.994495128818
8160.0,136.0,31.855680000000003,0.0011560000000000003,144.3096492939097,0.0008013992515264693,514.7247828931056,195.19897791240606,2.636923555635031,4070026.979416623,111488640065.05725,12070.912997728617
8220.0,137.0,31.78580875,0.0011730625000000003,142.8597902768992,0.0007962908609293278,517.9609285817977,196.1401231796535,2.6407698750518995,4076280.3618289013,111733206710.43495,12245.070237009162
8280.0,138.0,31.714910000000003,0.00119025,141.40840969545448,0.0007911966741572956,521.1634873094689,197.07024185566846,2.6445569985709048,4081588.17144712,111978097996.65775,12419.41024679231
8340.0,139.0,31.642976250000004,0.0012075624999999999,139.95597734927506,0.0007861482244415823,524.3321186292135,197.98930200775303,2.648285100821666,4086275.206510046,112223216246.92137,12593.876594681733
8400.0,140.0,31.570000000000004,0.001225,138.50292754665242,0.0007809013676722935,527.4665264705466,198.8972854736437,2.6519543754177697,4087791.4583312627,112468476394.5097,12768.417111513281
8460.0,141.0,31.49597375,0.0012425625,137.04974643524295,0.0007755613730764494,530.5664066831404,199.79416978533345,2.6555650109970745,4087198.2506034193,112713775643.88402,12942.973401172076
8520.0,142.0,31.420890000000004,0.00126025,135.5969136581686,0.0007701730276380384,533.6314816935219,200.67994001109858,2.6591172075495413,4084948.485313397,112959013701.1641,13117.487848868695
8580.0,143.0,31.344741250000002,0.0012780625,134.1449055057639,0.0007647428818430281,536.6614976430895,201.55458774996407,2.662611174640381,4081101.1718713637,113204091657.05856,13291.903242550945
8640.0,144.0,31.26752,0.001296,132.6942002936413,0.0007592797254524023,539.6562205490345,202.41810977590455,2.666047129609517,4075742.6027049576,113448910096.95306,13466.162126889993
8700.0,145.0,31.189218750000002,0.0013140625000000001,131.24527812074265,0.0007537948685737622,542.6154357800003,203.27050782451082,2.6694252972913097,4068989.9063930563,113693369161.92549,13640.206832343285
8760.0,146.0,31.109830000000002,0.0013322499999999999,129.79862062738997,0.0007483024083757342,545.5389475234961,204.1117883791201,2.6727459097570807,4060994.456731568,113937368609.76154,13813.979504217483
8820.0,147.0,31.029346250000003,0.0013505625,128.35471075333675,0.0007428194735879435,548.4265782461166,204.94196245667973,2.6760092060797067,4051945.0434424826,114180807875.96994,13987.422131731382
8880.0,148.0,30.947760000000002,0.001369,126.91401076950302,0.0007371951227436472,551.2781463563256,205.76103876059673,2.679215412582255,4040193.447714735,114423596976.29619,14160.479186846544
8940.0,149.0,30.865063750000004,0.0013875625,125.47701361033846,0.0007315120390083569,554.0935168034636,206.56903904849543,2.6823647888170754,4026633.7700625504,114665630831.99841,14333.091458217661
9000.0,150.0,30.781250000000004,0.00140625,124.04420385330992,0.0007257871519490796,556.8725623749442,207.36598629176976,2.685457592796385,4011451.9889480416,114906808681.48465,14505.20073834121
9060.0,151.0,30.69631125,0.0014250625000000001,122.6160641364371,0.0007200219965378288,559.6151695641573,208.1519064242281,2.688494086735015,3994668.0911809546,115147030818.22507,14676.749052680285
9120.0,152.0,30.61024,0.001444,121.19307683244799,0.0007142174084693702,562.3212398991625,208.92682870617293,2.6914745386289787,3976296.129243443,115386197695.62549,14847.678458564864
9180.0,153.0,30.52302875,0.0014630625,119.77572378923732,0.0007083730288689315,564.9906893500493,209.69078550479725,2.6943992221209148,3956338.5211074487,115624209996.82158,15017.931076367948
9240.0,154.0,30.434670000000004,0.00148225,118.36448607032517,0.0007024866769443159,567.623447735298,210.44381207576524,2.6972684163834613,3934778.8058620873,115860968704.47293,15187.449120681718
9300.0,155.0,30.345156250000002,0.0015015625000000003,116.95984369531553,0.0006965535704592972,570.2194581279265,211.18594634614138,2.700082406020125,3911572.6389074638,116096375170.55727,15356.174931493688
9360.0,156.0,30.254480000000004,0.0015210000000000002,115.56227818996118,0.0006905897017860169,572.7786621333876,211.91722521727954,2.702841458716324,3886910.5877667163,116330332255.97102,15524.050667872587
9420.0,157.0,30.162633750000005,0.0015405625,114.17227540390152,0.0006846591381500633,575.3009838532512,212.6376805396673,2.7055458016338245,3861528.4715350205,116562745572.05098,15691.017969501376
9480.0,158.0,30.069610000000004,0.0015602500000000002,112.79030571501667,0.0006787025358304493,577.7864275214163,213.34736310855087,2.708195775672368,3834774.4948943267,116793516111.65735,15857.020334532588
9540.0,159.0,29.975401250000004,0.0015800625,111.41684385789,0.0006727086400940348,580.2349758850005,214.04631756062597,2.710791675828089,3806537.0580879557,117022547967.82436,16022.000737791048
9600.0,160.0,29.880000000000003,0.0016000000000000003,110.05236240394586,0.0006666589340500869,582.6466211141508,214.73458992410121,2.713333801136042,3776622.9521967266,117249746019.8285,16185.902413940494
9660.0,161.0,29.783398750000003,0.0016200625000000002,108.69733151104222,0.0006605256196134749,585.0213641772121,215.41222740137275,2.715822454623966,3744734.533635442,117475016006.46066,16348.668887562551
9720.0,162.0,29.685590000000005,0.0016402500000000004,107.35221867306329,0.0006542692523538231,587.3592142201253,216.07927815382752,2.718257943281273,3710443.4498685114,117698264599.29819,16510.244003235697
9780.0,163.0,29.586566250000004,0.0016605625,106.01748846951209,0.0006478359893775354,589.6601879505054,216.73579108883223,2.7206405780428984,3673160.8385510263,117919399475.97707,16670.571955614218
9840.0,164.0,29.486320000000003,0.0016809999999999998,104.6936023151031,0.0006411544053324154,591.9243090268188,217.3818156489509,2.7229706737877066,3632104.1171508655,118138329393.46391,16829.59731950719
9900.0,165.0,29.38484375,0.0017015625,103.38103971967294,0.0006343400287923809,594.1515750269213,218.01739383726309,2.725248497697481,3588615.5637925067,118354960508.58418,16987.262496135438
9960.0,166.0,29.282130000000002,0.0017222499999999998,102.08030663766134,0.0006277887024426429,596.3419445752187,218.64255708881436,2.727474250737837,3547202.2976985765,118569194950.93604,17143.506710190886
10020.0,167.0,29.178171250000002,0.0017430625,100.79187511406616,0.0006215943918179626,598.4954294049294,219.25734869188656,2.7296482100856316,3508942.3394019343,118780941949.41965,17298.27325957169
10080.0,168.0,29.072960000000002,0.0017639999999999997,99.51614549054148,0.0006151481866359436,600.6121519994866,219.86183822988357,2.7317708104100236,3466984.5874512237,118990125437.93837,17451.51405519027
10140.0,169.0,28.96648875,0.0017850624999999998,98.25356424134402,0.0006082915257874258,602.6921616932347,220.45607588387287,2.733842373256739,3419588.5477302144,119196661310.31833,17603.17546650528
10200.0,170.0,28.85875,0.00180625,97.00464181117863,0.0006015280522887755,604.7354088156432,221.0400851409964,2.7358630830688297,3372466.362069928,119400452439.90092,17753.19617883746
10260.0,171.0,28.74973625,0.0018275624999999998,95.76983370342883,0.0005948217275012155,606.741926289918,221.6139089056294,2.737833240188408,3325239.2274038014,119601413606.05357,17901.521477065664
10320.0,172.0,28.63944,0.001849,94.54958124241368,0.0005879897156527263,608.7117644094807,222.1775934489045,2.7397531630455334,3275896.8043157724,119799463123.69696,18048.098349259675
10380.0,173.0,28.527853750000002,0.0018705625,93.34435175493785,0.0005811201970940881,610.6449310454698,222.73117256698882,2.7416231145723966,3225466.049504136,119994514320.41595,18192.870660067583
10440.0,174.0,28.41497,0.00189225,92.15460163732803,0.0005741850604200457,612.5414420710096,223.2746793534259,2.7434433848246873,3173675.760479091,120186485243.80186,18335.783587107802
10500.0,175.0,28.30078125,0.0019140625,90.98078725654288,0.0005671473771362823,614.4013084130065,223.808144254314,2.7452142568809297,3120164.5726317544,120375294304.20152,18476.782311526436
10560.0,176.0,28.18528,0.001936,89.82337230281532,0.0005600372885196582,616.2245255518791,224.3315926315594,2.74693599025957,3065315.3225733065,120560859186.12337,18615.811134797015
10620.0,177.0,28.06845875,0.0019580625,88.68281931259284,0.0005528544391539464,618.0110843284382,224.8450468407229,2.748608844233196,3009174.432962725,120743098919.0246,18752.814496985902
10680.0,178.0,27.950309999999998,0.0019802500000000002,87.55960229859491,0.0005457030944818795,619.76095232023,225.34852078083213,2.7502330619822115,2952922.356354061,120921931762.87999,18887.735459628293
10740.0,179.0,27.830826249999998,0.0020025625,86.45418844662932,0.000538578832401696,621.4741004520752,225.84202811992972,2.751808888831141,2896544.482501889,121097278058.97461,19020.517904308846
10800.0,180.0,27.709999999999997,0.0020250000000000003,85.36704030905202,0.0005313778665096533,623.1504992323406,226.32558107251538,2.753336570613648,2838965.3448059545,121269059954.77437,19151.106269182997
10860.0,181.0,27.58782375,0.0020475625,84.29862636033376,0.0005240056093037388,624.7901036329885,226.79918601981547,2.754816340383164,2779237.665068053,121437199559.79741,19279.444281041044
10920.0,182.0,27.46429,0.00207025,83.24941626141197,0.0005163088350188966,626.3928595512541,227.26284541021627,2.756248424244606,2715830.7809474873,121601619772.9637,19405.475524154772
10980.0,183.0,27.33939125,0.0020930625000000003,82.21988085969078,0.0005080590602678851,627.9587035696134,227.7165577088093,2.7576330412152568,2646493.915630898,121762244282.59511,19529.14344027744
11040.0,184.0,27.21312,0.0021160000000000003,81.2105673921436,0.0004998599755836375,629.4874408251711,228.16028129727843,2.758970304761278,2577668.323534064,121918986271.27415,19650.382295238058
11100.0,185.0,27.085468749999997,0.0021390625000000003,80.22198830759133,0.0004917962006715402,630.9789259934042,228.59398801664054,2.7602603702223,2510251.360063991,122071765114.19855,19769.130533622716
11160.0,186.0,26.956429999999997,0.0021622500000000005,79.25466128528018,0.00048388673768633085,632.4329977332493,229.01764379981338,2.761503381311814,2444440.4198343735,122220500368.58482,19885.32597173817
11220.0,187.0,26.82599625,0.0021855625000000004,78.3090906522115,0.0004758227058313374,633.84948505556,229.43120490432545,2.762699543507519,2377146.30180187,122365119401.70279,19998.908029764436
11280.0,188.0,26.69416,0.002209,77.38581254285918,0.0004675085094357139,635.2281735582276,229.83461753969456,2.763848981315958,2307524.7130234772,122505542439.99971,20109.812307164113
11340.0,189.0,26.560913749999997,0.0022325624999999997,76.4853666751805,0.00045868037942413875,636.5688293289036,230.22781966263247,2.764951821468442,2233146.7463155994,122641691322.91254,20217.973972951342
11400.0,190.0,26.42625,0.00225625,75.60838319599347,0.0004500173619183227,637.8710709937486,230.61070405660195,2.7660080810350727,2160789.3997313855,122773476543.91211,20323.31733381465
11460.0,191.0,26.29016125,0.0022800625,74.75542871127892,0.0004411033466059812,639.1346009353563,230.98318633664184,2.767017855593447,2086500.7167992266,122900819132.02272,20425.774328975556
11520.0,192.0,26.15264,0.002304,73.92711281209452,0.00043176938968246434,640.3590446399347,231.34515757627904,2.7679811903078013,2008870.3941738396,123023635614.89026,20525.27173428299
11580.0,193.0,26.01367875,0.0023280625,73.12411949534903,0.0004224986948972378,641.5438930324403,231.69646359538376,2.7688980793111346,1932569.3534147055,123141836541.06631,20621.72738794611
11640.0,194.0,25.87327,0.0023522499999999997,72.34709637473081,0.000412885732680571,642.6886898010209,232.03696759686176,2.7697685263566303,1853981.1932835232,123255336272.17268,20715.063498530882
11700.0,195.0,25.73140625,0.0023765624999999998,71.59673915723972,0.00040271861228277,643.7928874859533,232.36650184524458,2.7705925009566035,1771472.9644286684,123364045702.5946,20805.196497628913
11760.0,196.0,25.58808,0.002401,70.87383132197608,0.0003924950342759389,644.8557762040073,232.68484239269455,2.771369933567505,1689695.0218983022,123467869882.31267,20892.032273636556
11820.0,197.0,25.44328375,0.0024255625,70.17913859216033,0.00038189188570670365,645.876669811421,232.99177404062277,2.7721007424872033,1606024.0666415642,123566715263.9678,20975.4788477886
11880.0,198.0,25.29701,0.00245025,69.51348907573896,0.00037080778059526276,646.8547641054882,233.2870407681582,2.772784814688167,1519921.7658537559,123660484289.90683,21055.436747659034
11940.0,199.0,25.14925125,0.0024750625000000003,68.87777736098474,0.00035935634748984513,647.7891291103538,233.5703424700725,2.773422011800815,1432670.786881816,123749075502.66884,21131.79851519708
12000.0,200.0,25.0,0.0025,68.27294099952243,0.0003474444417738728,648.6787509522633,233.84135044862998,2.774012165546248,1343869.4581845573,123832384600.70114,21204.451531588948
