batch_id,time_s,time_min,time_hr,T_celsius,T_meas_celsius,cooling_rate_degC_s,c_kg_m3,c_meas_kg_m3,cs_kg_m3,S_supersat_ratio,sigma_rel_supersat,mean_L1_um,mean_L1_meas_um,mean_L2_um,mean_L2_meas_um,aspect_ratio,aspect_ratio_meas,nucleation_rate_m3_s,mu00,mu00_meas,mu10,mu01,mu20,mu11,mu02,mu30,mu21,mu12
22,0.0,0.0,0.0,33.47608568146068,33.373294077468586,0.0029433968241126983,240.0,240.12724414302227,183.8005817772597,1.3057630050967197,0.3057630050967196,119.44336637564521,118.41004702666125,43.7703946515619,45.77212020680145,2.72886199282608,2.5869469557380533,46341178012.56955,128274612848.82861,129481355303.27481,15321551.579196682,5614630.428169541,1839.6549178847758,670.826752804478,246.33075514069367,0.22199101564385754,0.0805694491633113,0.02943344314030489
22,60.0,1.0,0.016666666666666666,33.29948187201387,33.24724080902037,0.0029433968241126983,179.08755471237214,178.8512324830525,178.87075554734514,1.0012120436589178,0.001212043658917815,336.18213625174013,331.5989111166963,82.03734306473268,81.79237186984504,4.0979159452600875,4.054154483310065,8670450.572898112,168831803853.98862,161826922212.7978,47505689.812744856,11254710.53476901,12530.959087975963,7987.636997564581,688.2095637229113,2.934299249967129,0.7152957242487097,0.16455913309654735
22,120.0,2.0,0.03333333333333333,33.1228780625671,33.17500883688969,0.0029433968241126983,174.30335170672058,174.51471305529847,174.10233331619168,1.001154599060794,0.0011545990607938982,342.1836256325229,343.0705596942518,83.39378625231971,81.00350339251955,4.103226883082126,4.235255826304588,8434133.535721106,169346169798.13153,170211534951.05856,48409780.25375454,11460341.924620625,12958.185532995201,8562.316037282486,710.8218146155509,3.070378147769093,0.7484592231625489,0.17210675659545482
22,180.0,3.0,0.05,32.94627425312034,33.03573473037654,0.0029433968241126983,169.67759060793418,169.3911275399742,169.49030754095128,1.001104978035028,0.0011049780350280486,347.8171032122363,357.49495247915286,84.6682156781013,83.75340864326566,4.108000864629018,4.268422721776565,8226061.192959615,169848167598.68823,168188133162.86407,49259753.29140164,11653868.403259158,13362.017548640724,9117.963016115687,732.1950705991671,3.1989123498705787,0.7798547773310278,0.17924641131518793
22,240.0,4.0,0.06666666666666667,32.769670443673576,32.70867847674348,0.0029433968241126983,165.20491377240037,165.21685118851482,165.02983492556547,1.001060892092111,0.0010608920921109457,353.1108069001517,356.5529103020472,85.86701278657172,86.66100994925894,4.11229872148729,4.1143405842005905,8029555.140668903,170336791707.7567,158400535287.7361,50059650.01355682,11836204.261781324,13743.719641894888,9655.221494858486,752.4013362086366,3.3201276717849098,0.8095350934520313,0.18599139370950923
22,300.0,5.0,0.08333333333333333,32.593066634226815,32.54717722311021,0.0029433968241126983,160.8797800466372,161.01776641504355,160.71623169999785,1.00101762183514,0.0010176218351400498,358.0955678526278,366.06985467318555,86.99712803291337,85.16399752452502,4.116176889392838,4.298410893262343,7785449.691752717,170811084259.8783,171632379173.07843,50813944.71473722,12008364.076527063,14105.023055896345,10174.757077532742,771.5374178163652,3.4344984229261186,0.8376119964111508,0.19236866685332388
22,360.0,6.0,0.1,32.416462824780055,32.33628465422338,0.0029433968241126983,156.69811602080975,157.02751152806377,156.5449690539579,1.000978293762983,0.0009782937629828831,362.78947276170817,360.20683489898795,88.06260263407749,88.30653890507209,4.119676933342416,4.079050536520333,7550522.984309191,171270946101.68732,173492574053.18018,51525200.27330071,12170917.00006,14446.641032789696,10677.05906261712,789.6425102429066,3.5421233264711915,0.8641062878247796,0.19838350916431358
22,420.0,7.0,0.11666666666666667,32.239859015333295,32.23705604969285,0.0029433968241126983,152.65514225244405,151.9939288223765,152.5116687221222,1.0009407380531863,0.0009407380531862906,367.2177089185657,369.476348457678,89.06910686607425,87.87659816019536,4.122840363390195,4.204490799520233,7299507.456658273,171715702855.503,163240833202.01767,52197074.63060163,12324691.673634637,14770.135348872667,11162.701557315702,806.8030057324067,3.643502349205953,0.889135132029307,0.2040638436720439
22,480.0,8.0,0.13333333333333333,32.063255205886534,31.857568345306202,0.0029433968241126983,148.74653745688357,148.1876801629266,148.61209871789777,1.0009046284935454,0.0009046284935455005,371.40110679929535,372.16011225748355,90.02129458427706,89.64491257242027,4.125702796371066,4.151491719698331,7033789.083930579,172145110121.96783,178605064066.00253,52832590.69035384,12470366.324655391,15076.775045612652,11632.203634860503,823.0879907644244,3.739042670718053,0.9127930104689455,0.20943202329979393
22,540.0,9.0,0.15,31.88665139643977,31.962071062200216,0.0029433968241126983,144.96850958042717,144.7393026865664,144.84216921304164,1.0008722623257575,0.0008722623257574628,375.3552452136403,375.12668784758574,90.9225956404307,90.36990889359767,4.1282944307710725,4.151013234828678,6794607.696721364,172559444008.54425,167831274892.61688,53434001.25897531,12608436.279540703,15367.404452135612,12086.02079719761,838.5418507783947,3.828987472234516,0.9351346261911395,0.21450079654979692
22,600.0,10.0,0.16666666666666666,31.71004758699301,31.633092798894822,0.0029433968241126983,141.31645703330832,141.10074820952508,141.19792856058118,1.0008394490906167,0.0008394490906167549,379.1032914676955,377.5951754259249,91.77821220281518,93.8502515979991,4.130645851217256,4.023379468851368,6521433.620757052,172958221974.08514,165721739563.2853,54004717.14678672,12739675.97979606,15643.750300858519,12524.705787842517,853.2590696621282,3.913997167191713,0.9563155819649092,0.21930680721391438
22,660.0,11.0,0.18333333333333332,31.533443777546246,31.533441549498008,0.0029433968241126983,137.78721880803042,137.33309927917924,137.67555945866522,1.0008110324723156,0.0008110324723156216,382.6511281440162,380.6966793468384,92.58938055609633,95.13419945385196,4.132775549915065,4.001680589444683,6293429.987616809,173342330242.00305,176755161073.64334,54545537.96839322,12864244.931084298,15905.85098797171,12948.638307395418,867.2387737550862,3.9940013070462967,0.9763150963375313,0.22384483545563705
22,720.0,12.0,0.2,31.356839968099486,31.29102570785489,0.0029433968241126983,134.37647923239632,134.70649136922682,134.27137525318753,1.0007827727913756,0.0007827727913757023,386.01919692125,387.6833475519282,93.36066714398551,93.24364763502318,4.134709066784107,4.157745405557373,6047984.226654017,173711554441.2746,177224178927.22977,55059496.19234428,12982829.1498736,16155.30064354877,13358.336754919033,880.5673683254254,4.069630638846849,0.995281757414257,0.22814968073325614
22,780.0,13.0,0.21666666666666667,31.180236158652725,31.213137138537387,0.0029433968241126983,131.0807282231228,131.2731928929247,130.98181637719514,1.0007551570795354,0.0007551570795355141,389.2183170246824,388.67014435493735,94.09445129136056,93.55214326033682,4.136464070760983,4.154583003762366,5795587.534358634,174066289778.81836,175840013187.75287,55548164.02975869,13095774.123615343,16392.774787876995,13754.222762038975,893.2798437346537,4.141124585598785,1.0132698875002948,0.23223383292019606
22,840.0,14.0,0.23333333333333334,31.00363234920596,31.026109186332555,0.0029433968241126983,127.89673094747907,127.7266577335606,127.80344692529663,1.000729902239937,0.0007299022399370111,392.25614548741845,388.6928440555949,94.79239701172219,95.83844602510538,4.138054926904227,4.055708957903749,5564982.333653871,174407102599.53864,167272257703.9166,56012639.06933957,13203315.585575573,16618.66565226981,14136.684897251434,905.3953592237885,4.2086038757874995,1.0303052910891557,0.23610301657293142
22,900.0,15.0,0.25,30.8270285397592,30.719341238654163,0.0029433968241126983,124.8210154783198,125.007710398225,124.73295136153504,1.00070602127043,0.000706021270429965,395.14336939886635,397.3944019511093,95.45685564802126,95.37348230899525,4.139497019008057,4.166717963213435,5342865.737192712,174734374936.72412,167733322166.78345,56454495.31057766,13305801.333337624,16833.71444239223,14506.14020886216,916.9524874318881,4.272348648524858,1.0464524528716739,0.23977205417789849
22,960.0,16.0,0.26666666666666666,30.65042473031244,30.591451669828224,0.0029433968241126983,121.85031681769163,122.03870894210185,121.76713135935312,1.00068315199192,0.0006831519919199429,397.89042367858167,389.645619793653,96.09013474315778,95.83060033096606,4.140804097549816,4.0659832918498955,5125395.894156198,175048361418.909,189986884740.38104,56875270.30659339,13403573.590415187,17038.689719238784,14862.980888817494,927.9916763259744,4.332664313339947,1.0617821718936362,0.24325730169388726
22,1020.0,17.0,0.2833333333333333,30.47382092086568,30.55946430456036,0.0029433968241126983,118.98154431910086,118.79216952140732,118.90290277257803,1.0006613929911639,0.0006613929911639492,400.50457543479047,396.7003402807923,96.69381799919113,99.07232086885739,4.141987396113998,4.004149057998822,4915481.364864716,175349565428.25006,179966130355.5859,57276027.13137278,13496863.418996803,17234.049661822413,15207.578185945515,938.5358747506957,4.3897171450103265,1.0763318303657092,0.24656717547458684
22,1080.0,18.0,0.3,30.29721711141892,30.220456513824125,0.0029433968241126983,116.21168202777429,116.06872518927177,116.13729273655227,1.0006405288901539,0.0006405288901538704,402.99396505810677,406.6810641595854,97.26969755435579,95.42128001737147,4.143057655061666,4.261953560941008,4711112.836034047,175638325998.14032,173959745835.65845,57657965.220535636,13585936.046075553,17420.382221339663,15540.294377095854,948.6155633383855,4.4437400801302225,1.0901551186740415,0.24971398041767534
22,1140.0,19.0,0.31666666666666665,30.120613301972156,30.213622176589784,0.0029433968241126983,113.53785596046406,113.3616945548438,113.46743689882662,1.000620610313955,0.0006206103139548913,405.36514317696555,414.76916723378713,97.81920614280445,98.44358715961044,4.144024053775088,4.213267508845504,4514070.728300635,175915066402.0667,180500817755.9,58022046.0640026,13671001.734558456,17598.129028669835,15861.474685481468,958.2530775731484,4.494902010010673,1.1032904360809948,0.25270640134993383
22,1200.0,20.0,0.3333333333333333,29.944009492525392,30.05230206261067,0.0029433968241126983,110.95727984918149,110.89413044596905,110.89057677910363,1.000601521536052,0.0006015215360520474,407.62466990392727,399.28383141038074,98.34378151387295,100.5168243093981,4.144895219901884,3.9723084583467942,4323527.695606168,176180171486.54565,175401315931.09167,58369238.190942824,13752273.372594275,17767.755978862624,16171.453797947843,967.4722062232031,4.543385810870298,1.1157797489177756,0.25555397400386193
22,1260.0,21.0,0.35,29.767405683078632,29.75982191932678,0.0029433968241126983,108.4672766378417,108.67501114948763,108.40405725843193,1.000583182779396,0.0005831827793959779,409.7785567054803,406.3315561677582,98.84474054625534,96.4575103898601,4.145678914638058,4.2125445133868284,4139085.4314106614,176434018722.82715,169933521075.96478,58700429.76980618,13829946.06291949,17929.691342449616,16470.55328279346,976.2947500735249,4.58936003474264,1.1276617401682651,0.2582654702624885
22,1320.0,22.0,0.36666666666666664,29.590801873631868,29.638515077384326,0.0029433968241126983,106.06528022714616,106.00877902440179,106.00532419795114,1.0005655945080933,0.0005655945080933965,411.83213439309196,415.7538018263582,99.32324958090545,100.17976139568276,4.146382001503354,4.150077780523393,3961388.138309948,176676987895.2121,164077088934.9204,59016407.673314184,13904192.206071347,18084.30869577368,16759.081380174306,984.7395735952991,4.632970550145792,1.1389697776865804,0.2608484197179799
22,1380.0,23.0,0.38333333333333336,29.414198064185104,29.44238713935424,0.0029433968241126983,103.74880582317337,103.6067174961372,103.69192218785525,1.0005485830922785,0.0005485830922785022,413.79069064819925,414.19909646923367,99.78046728662157,104.11173998404007,4.147010952149347,3.978409125932664,3788552.9241688186,176909437103.992,164599400420.13818,59317957.10668045,13975184.54733672,18231.993003664757,17037.336563834702,992.8262643431681,4.674369747178993,1.1497389807881335,0.2633107760660116
22,1440.0,24.0,0.4,29.23759425473834,29.14531077958834,0.0029433968241126983,101.515491315154,101.30939777129926,101.46149242760285,1.0005322106570596,0.0005322106570596327,415.658729648596,413.5246312393095,100.21737823703455,100.1877412550422,4.147571378942665,4.127497297165563,3621935.2196818315,177131726746.50134,171990088211.09567,59605744.23236418,14043068.861990303,18373.060054724614,17305.602570803996,1000.5706638772394,4.713680466238721,1.15999745715928,0.2656588522632679
22,1500.0,25.0,0.4166666666666667,29.06099044529158,29.12330560562492,0.0029433968241126983,99.36305217509128,99.68893037405124,99.3117707388209,1.0005163681594729,0.0005163681594727675,417.44090735140543,418.46414186903394,100.63500003720497,101.2180113273143,4.1480688348693455,4.134285354765796,3460453.0448893555,177344196934.5854,171908487928.38898,59880463.341795206,14107997.643610917,18507.853635795662,17564.153818859577,1007.9901837567259,4.751038513877305,1.1697765890357763,0.2678997348885994
22,1560.0,26.0,0.43333333333333335,28.88438663584482,28.833764193313332,0.0029433968241126983,97.28931908618979,96.98641619242784,97.2405857127604,1.0005011628948157,0.0005011628948157447,419.1411177027582,421.72864125392675,101.03418309900174,97.85409474422354,4.14850800834455,4.309769993338188,3305885.611616638,177547185578.53204,176501529604.41653,60142692.3814041,14170097.303407505,18636.648649012088,17813.250886595495,1015.0985554112899,4.786550229574672,1.179100762781756,0.27003888236639106
22,1620.0,27.0,0.45,28.707782826398056,28.610494472759633,0.0029433968241126983,95.29218627019553,94.97771672633755,95.24585699467171,1.0004864177507102,0.0004864177507102375,420.7632618481089,427.31078874077923,101.41577946233186,100.81539013245522,4.148893437282016,4.238547191846021,3156156.7290573097,177741012612.85577,172723188128.7327,60393013.352843404,14229495.474666402,18759.730409233845,18053.146720348555,1021.9101269612856,4.820326981905396,1.1879957048495076,0.27208207502092563
22,1680.0,28.0,0.4666666666666667,28.531179016951295,28.54737909057646,0.0029433968241126983,93.36965000982568,93.08067457530416,93.32559370797031,1.000472070951868,0.00047207095186795143,422.3108565136172,426.62003722402574,101.78055642209506,100.39117690510339,4.149229198180525,4.24957700841874,3010748.8913248386,177925988644.76093,185219293690.8724,60631950.733270794,14286306.954036422,18877.352873958807,18284.08200687947,1028.4375892806515,4.852466857452512,1.196484035370176,0.27403437413202547
22,1740.0,29.0,0.48333333333333334,28.468155903942943,28.436110627847647,0.0,92.65840660079715,92.23512151371978,92.65798946174405,1.000004501922128,4.5019221280503416e-06,422.87862158016225,412.81344547686797,101.91520999193466,105.75767070992762,4.149318061687042,3.9033901059445006,275.09361184478917,177992825001.8697,190833442514.84485,60719638.264027685,14307286.146934427,18920.756233192486,18369.51665060662,1030.8666563628585,4.864417029738952,1.199649119148317,0.2747656691931506
22,1800.0,30.0,0.5,28.468155903943497,28.345143477962374,0.0,92.65808643167385,92.65975271762262,92.65798946174931,1.0000010465360312,1.0465360311071554e-06,422.8788252180682,430.1108839779812,101.91528295422397,104.61875408310748,4.149317089253508,4.111221623192988,14.865989717333337,177992829188.81226,180786400902.23413,60719669.717603505,14307297.515589647,18920.77568989554,18369.55510936017,1030.868335976786,4.864424759803555,1.1996513984400217,0.2747662888985585
22,1860.0,31.0,0.5166666666666667,28.468155903943497,28.46352485779707,0.0,92.65803157116936,92.66634328149631,92.65798946174931,1.0000004544607572,4.5446075718958593e-07,422.878858189094,434.70106552612697,101.91529591941138,104.95133542687677,4.149316884910796,4.141929816881637,2.8033568796873665,177992829643.24182,181726650583.52585,60719674.81025332,14307299.535766788,18920.778884004787,18369.561699210557,1030.8686377211202,4.864426050296615,1.1996517932443638,0.27476639928731994
22,1920.0,32.0,0.5333333333333333,28.468155903943497,28.31528653672464,0.0,92.65801448074046,92.5490750734747,92.65798946174931,1.000000270014397,2.700143970091262e-07,422.87886807537893,443.49231797486493,101.91530005118443,101.79923425680538,4.149316813697242,4.356538840519,0.9895995842437975,177992829748.1159,184516183567.4822,60719676.337272495,14307300.179561079,18920.77984791265,18369.563752114933,1030.8687343343213,4.864426442713629,1.199651916455803,0.2747664343665943
22,1980.0,33.0,0.55,28.468155903943497,28.451669051203538,0.0,92.6580034775702,92.6683925662298,92.65798946174931,1.00000015126403,1.5126402997102512e-07,422.87887435759785,422.44337906384015,101.91530273125407,100.97325295117223,4.149316766224104,4.183715654561725,0.3105682297356887,177992829809.20386,179024815012.35904,60719677.30761349,14307300.59715747,18920.780461516202,18369.565073817063,1030.8687970809888,4.8644266930413735,1.1996519957716227,0.2747664570859758
22,2040.0,34.0,0.5666666666666667,28.468155903943497,28.211288198489054,0.0,92.65799911830595,92.76958083573606,92.65798946174931,1.0000001042172046,1.0421720456495263e-07,422.8788765823497,423.49253396668416,101.91530385526472,105.35989819236684,4.149316742291248,4.01948503398768,0.1474227625791076,177992829800.12506,160879473437.22992,60719677.655465335,14307300.771921389,18920.780688620187,18369.56559745241,1030.868823729109,4.864426789579014,1.1996520279379368,0.2747664666398719
22,2100.0,35.0,0.5833333333333334,28.468155903943497,28.642278289773728,0.0,92.65799882316936,92.57635687568325,92.65798946174931,1.000000101031979,1.0103197910426695e-07,422.8788759369335,435.4495162280306,101.91530411779549,103.71739673740473,4.149316725269864,4.198423118259675,0.1385490101200496,177992829688.21857,173387431726.67688,60719677.57184601,14307300.811402224,18920.78066069755,18369.565632904254,1030.8688309800068,4.864426791926498,1.1996520329859237,0.2747664690587812
22,2160.0,36.0,0.6,28.468155903943497,28.440415153932218,0.0,92.65800357883857,92.74669813802588,92.65798946174931,1.0000001523569564,1.5235695644480468e-07,422.878872039038,416.42183820106766,101.91530323647991,101.9859707469319,4.149316722904782,4.08312864162834,0.31507233369487286,177992829497.05475,178631048718.8748,60719676.99307218,14307300.67201382,18920.78033090457,18369.565061652695,1030.8688119495137,4.8644266773102345,1.1996520029356184,0.27476646186638787
22,2220.0,37.0,0.6166666666666667,28.468155903943497,28.56908020755136,0.0,92.65800782907517,92.50137150642213,92.65798946174931,1.0000001982271143,1.9822711426595356e-07,422.87886835637295,424.2400348394154,101.9153024959934,100.73843677898525,4.149316716917929,4.211302541552986,0.5333493844586572,177992829297.27197,177118666065.43152,60719676.44921258,14307300.554553352,18920.780025799293,18369.564551113763,1030.8687963441134,4.864426574231111,1.1996519769123992,0.27476645590838245
22,2280.0,38.0,0.6333333333333333,28.468155903943497,28.57123409382604,0.0,92.65801059178146,93.16451180022622,92.65798946174931,1.0000002280432834,2.280432834251224e-07,422.87886550187665,424.8065893200937,101.91530212340989,102.32247608772015,4.149316704078549,4.151644932398926,0.7058627177169592,177992829101.35583,185127625189.71774,60719676.03396031,14307300.494512916,18920.77980310301,18369.56421925715,1030.868789414602,4.864426505402513,1.199651961831938,0.27476645310180925
22,2340.0,39.0,0.65,28.468155903943497,28.4171749672894,0.0,92.658013633816,92.21049448174537,92.65798946174931,1.0000002608740686,2.6087406847727386e-07,422.87886237283305,423.37755281167193,101.9153017102084,101.08416539742497,4.149316690198987,4.188366705577579,0.9237351866968297,177992828886.8435,175961192714.73575,60719675.57875553,14307300.428039879,18920.779558971524,18369.5638538476,1030.8687817144528,4.864426429961675,1.199651945252512,0.2747664499977833
22,2400.0,40.0,0.6666666666666666,28.468155903943497,28.46685116566432,0.0,92.65801404208634,92.7815228805325,92.65798946174931,1.0000002652802762,2.6528027608869795e-07,422.87886088960516,430.66792000498475,101.91530190701533,105.57201099336335,4.149316667632776,4.079375925045684,0.9552027957778843,177992828708.20483,193213656923.1331,60719675.377779454,14307300.4576284,18920.779472055787,18369.56380480612,1030.8687882316653,4.864426417114473,1.1996519475967435,0.2747664521158564
22,2460.0,41.0,0.6833333333333333,28.468155903943497,28.40192799887966,0.0,92.65801444255338,92.65261493558886,92.65798946174931,1.0000002696022676,2.6960226760546804e-07,422.8788594113947,424.7205039631217,101.91530210559564,100.91001755479947,4.149316645043597,4.208903280910402,0.9865809911060861,177992828529.6933,172972919288.19843,60719675.17757499,14307300.487496242,18920.779385612506,18369.563756701966,1030.8687947899634,4.864426404452651,1.1996519499963174,0.27476645424904
22,2520.0,42.0,0.7,28.468155903943497,28.511542000587262,0.0,92.65801439381741,92.40734156990064,92.65798946174931,1.0000002690762906,2.690762906205422e-07,422.8788584644005,434.9999440664405,101.91530234460926,103.61844135298603,4.149316626020571,4.1980938758244015,0.9827352321776497,177992828395.87915,162685648193.87228,60719675.04979777,14307300.52484525,18920.77933450234,18369.56376255614,1030.8688020125073,4.864426400043456,1.1996519541909763,0.27476645665393074
22,2580.0,43.0,0.7166666666666667,28.468155903943497,28.660535049291422,0.0,92.6580133238073,92.72989954822208,92.65798946174931,1.0000002575283375,2.575283375459515e-07,422.87885872513976,406.86434723397105,101.91530267554906,99.06470971360075,4.149316615105285,4.107056371640606,0.900193170690591,177992828363.6855,189678772505.09866,60719675.08668557,14307300.579202868,18920.779363722613,18369.563891085883,1030.8688107452313,4.864426414396654,1.1996519624667776,0.274766459676554
22,2640.0,44.0,0.7333333333333333,28.468155903943497,28.487248002394185,0.0,92.6580122537972,92.22752282981686,92.65798946174931,1.0000002459803847,2.4598038462472973e-07,422.8788589858791,430.70750189659566,101.91530300648884,101.17055129141647,4.14931660419,4.257241819864807,0.8212712517292303,177992828331.49194,173664865999.48953,60719675.12357345,14307300.633560501,18920.77939294296,18369.564019615624,1030.868819477953,4.864426428749873,1.1996519707425861,0.2747664626991755
22,2700.0,45.0,0.75,28.468155903943497,28.59057268615827,0.0,92.65801118378708,92.63488186323713,92.65798946174931,1.0000002344324315,2.3443243155013905e-07,422.8788592466185,400.9360899546625,101.91530333742864,100.09137797493568,4.149316593274714,4.005700571482418,0.7459694732732256,177992828299.29828,179790851226.56116,60719675.16046131,14307300.687918127,18920.77942216331,18369.564148145364,1030.868828210675,4.864426443103078,1.199651979018391,0.2747664657217983
22,2760.0,46.0,0.7666666666666667,28.468155903943497,28.436099276626123,0.0,92.65801011377698,92.95413010760281,92.65798946174931,1.0000002228844787,2.228844786289173e-07,422.87885950735784,412.19044915221474,101.91530366836842,105.595530948851,4.149316582359429,3.903483844897508,0.674287837398739,177992828267.10474,166489863618.7743,60719675.19734919,14307300.74227576,18920.779451383627,18369.564276675108,1030.868836943399,4.86442645745629,1.1996519872941995,0.2747664687444218
22,2820.0,47.0,0.7833333333333333,28.468155903943497,28.49816366278517,0.0,92.65800904376688,93.05192220715614,92.65798946174931,1.0000002113365256,2.113365257076955e-07,422.87885976809713,424.029167511358,101.91530399930822,100.62849392184773,4.1493165714441425,4.213808147031164,0.6062263431576336,177992828234.91107,186720837048.9164,60719675.234236985,14307300.796633385,18920.779480603975,18369.564405204852,1030.868845676122,4.864426471809502,1.199651995570008,0.2747664717670433
22,2880.0,48.0,0.8,28.468155903943497,28.422772650428957,0.0,92.65800797375677,92.66090768977722,92.65798946174931,1.0000001997885726,1.9978857263310482e-07,422.8788600288365,415.458805308172,101.91530433024799,103.02885256797842,4.149316560528859,4.032451055727835,0.5417849897940893,177992828202.7176,186474622247.76886,60719675.27112496,14307300.85099101,18920.779509824322,18369.564533734596,1030.868854408846,4.864426486162728,1.1996520038458165,0.27476647478966676
22,2940.0,49.0,0.8166666666666667,28.468155903943497,28.494575646861147,0.0,92.65800690374667,92.79858653304123,92.65798946174931,1.0000001882406198,1.8824061971188306e-07,422.8788602895758,410.7646659920831,101.91530466118778,102.89567582990986,4.149316549613574,3.99204983765393,0.48096377909579296,177992828170.52393,174719377533.5922,60719675.30801278,14307300.905348629,18920.77953904467,18369.564662264336,1030.8688631415703,4.8644265005159255,1.1996520121216268,0.27476647781229047
22,3000.0,50.0,0.8333333333333334,28.468155903943497,28.389602935863437,0.0,92.65800583373655,92.89708818286589,92.65798946174931,1.0000001766926667,1.7669266663729238e-07,422.8788605503151,418.6853313906057,101.91530499212757,102.3579162881449,4.1493165386982875,4.09040498843271,0.4237627095231946,177992828138.33038,176938400538.75482,60719675.34490064,14307300.95970627,18920.779568264974,18369.56479079408,1030.868871874292,4.86442651486913,1.1996520203974317,0.27476648083491195
22,3060.0,51.0,0.85,28.468155903943497,28.20944426038861,0.0,92.65800476372645,92.65750096444503,92.65798946174931,1.0000001651447137,1.6514471371607062e-07,422.8788608110544,430.3334745278896,101.91530532306737,100.59614519685118,4.149316527783002,4.2778326513982545,0.3701817826716639,177992828106.13672,170593925051.7777,60719675.38178843,14307301.014063887,18920.779597485292,18369.56491932382,1030.8688806070154,4.8644265292223565,1.1996520286732366,0.2747664838575343
22,3120.0,52.0,0.8666666666666667,28.468155903943497,28.325929723026878,0.0,92.65800369371634,92.86801672337377,92.65798946174931,1.0000001535967606,1.5359676064147994e-07,422.8788610717938,430.05308466858526,101.91530565400716,104.93007879993517,4.149316516867718,4.098472902975185,0.3202209971939683,177992828073.94305,173464278591.13425,60719675.41867629,14307301.068421513,18920.779626705626,18369.565047853564,1030.868889339737,4.864426543575561,1.199652036949045,0.27476648688015715
22,3180.0,53.0,0.8833333333333333,28.468155903943497,28.441701552784746,0.0,92.65800262370624,93.25211789424897,92.65798946174931,1.0000001420488078,1.4204880772025818e-07,422.87886133253306,422.1458486551743,101.91530598494694,100.23095460094584,4.149316505952433,4.211731299336449,0.27388035449315995,177992828041.7495,178032793237.10516,60719675.45556417,14307301.122779123,18920.779655925988,18369.565176383305,1030.868898072461,4.864426557928759,1.1996520452248554,0.2747664899027804
22,3240.0,54.0,0.9,28.468155903943497,28.457203887855492,0.0,92.65800155369614,93.21332598086325,92.65798946174931,1.0000001305008548,1.305008547990364e-07,422.87886159327246,415.89820149861094,101.91530631588672,100.71578817404637,4.149316495037148,4.129424085724273,0.23115985395765687,177992828009.55585,192933559695.14212,60719675.492451996,14307301.177136756,18920.77968514629,18369.56530491305,1030.868906805183,4.864426572281971,1.1996520535006585,0.2747664929254021
22,3300.0,55.0,0.9166666666666666,28.468155903943497,28.327666925077118,0.0,92.65800048368602,93.04685937763412,92.65798946174931,1.0000001189529018,1.1895290172444572e-07,422.87886185401186,428.823856547122,101.91530664682652,102.17854776562898,4.149316484121864,4.196809075137106,0.19205949516819437,177992827977.36237,180234195240.22867,60719675.52934,14307301.231494397,18920.77971436667,18369.565433442793,1030.8689155379075,4.864426586635211,1.1996520617764723,0.2747664959480265
22,3360.0,56.0,0.9333333333333333,28.468155903943497,28.494688005271282,0.0,92.65799938138672,92.4613319725732,92.65798946174931,1.0000001070564715,1.070564714842192e-07,422.8788623495082,406.75383003455073,101.91530694355943,105.21547334254467,4.149316476902709,3.8659126563096184,0.15556487890108905,177992827970.63562,177398236465.58002,60719675.60490757,14307301.278526574,18920.779764155348,18369.565565851117,1030.8689227904397,4.86442660779506,1.1996520698521564,0.2747664985049343
22,3420.0,57.0,0.95,28.468155903943497,28.365006270022967,0.0,92.65799827325087,92.38033659829672,92.65798946174931,1.0000000950970511,9.509705109954875e-08,422.8788628874389,404.65969620720773,101.91530723410911,104.6750107751293,4.149316470351663,3.8658672515117103,0.12274952150937986,177992827968.5125,193488025572.74023,60719675.68746692,14307301.324234612,18920.779817661954,18369.565698960527,1030.868929775418,4.864426630185243,1.1996520778916722,0.27476650097766075
22,3480.0,58.0,0.9666666666666667,28.468155903943497,28.469900588808557,0.0,92.65799716511502,92.76036157329463,92.65798946174931,1.0000000831376308,8.313763071487828e-08,422.8788634253696,410.15091571091705,101.91530752465881,99.1060350119401,4.149316463800616,4.138505951342952,0.09381688273034038,177992827966.38928,176046430967.16757,60719675.77002624,14307301.36994265,18920.779871168532,18369.565832069937,1030.8689367603934,4.864426652575446,1.1996520859311772,0.27476650345038656
22,3540.0,59.0,0.9833333333333333,28.468155903943497,28.676719024143036,0.0,92.65799611772998,92.2395399468846,92.65798946174931,1.000000071833856,7.183385597290406e-08,422.8788639495444,409.3298062150327,101.91530779626177,103.05606649957952,4.149316457885981,3.9719137370404374,0.070039667107316,177992827966.2912,186012668217.47937,60719675.850676,14307301.412521102,18920.77992310247,18369.565957881958,1030.8689432399929,4.864426674174005,1.199652093495203,0.2747665057477522
22,3600.0,60.0,1.0,28.468155903943497,28.475901925608376,0.0,92.65799513556226,92.52291111759023,92.65798946174931,1.0000000612339313,6.123393118170033e-08,422.8788644589519,421.07262831837505,101.91530804752499,103.39316821940368,4.149316452654548,4.072538210888801,0.050894400195061244,177992827968.36688,161870820236.8387,60719675.92927572,14307301.451739848,18920.779973348137,18369.56607586006,1030.868949177052,4.8644266949227415,1.1996521005487768,0.2747665078568622
22,3660.0,61.0,1.0166666666666666,28.468155903943497,28.3013940049967,0.0,92.65799426483835,92.54600952334872,92.65798946174931,1.00000005183675,5.1836750063995214e-08,422.8788649132952,417.5719956989633,101.91530826982962,100.80565261812394,4.149316448061823,4.142347029693131,0.036472140322405394,177992827970.66382,187448343576.78564,60719675.99943045,14307301.486396812,18920.780018121382,18369.566180451522,1030.8689544166473,4.864426713382564,1.1996521067900776,0.27476650971779026
22,3720.0,62.0,1.0333333333333334,28.421642588897143,28.365176818437167,0.0007829630658070835,92.19003223702542,92.04457181790134,92.17115077326872,1.0002048522080749,0.00020485220807479765,423.2399842353574,425.02692400839027,102.0064620802894,98.2111380096983,4.149148746108112,4.327685562165251,571339.1032711541,178025387794.52417,170224638182.23477,60775456.20882562,14321505.187975377,18950.357113470134,18425.777835444063,1032.6582003631684,4.873759655922861,1.2021399256446141,0.2753640845785139
22,3780.0,63.0,1.05,28.374664782428965,28.4128066977881,0.0007829630658070835,91.70310573850878,92.051615567304,91.68447892696481,1.0002031621029204,0.00020316210292044496,423.61521473578904,432.19403738697366,102.10112788958911,101.16640172992429,4.148976837884507,4.272110404210747,563734.3045078848,178059357219.4087,188657993834.74002,60833421.4660103,14336257.603771605,18981.080676791054,18484.267504935553,1034.5158875887328,4.883437771674714,1.2047206200828064,0.2759838562062453
22,3840.0,64.0,1.0666666666666667,28.327686994073535,28.510391403369418,0.0007829630658070835,91.22119502403423,91.23428191036888,91.20282710260828,1.000201396404141,0.00020139640414088824,423.9859277149342,418.64157568145976,102.19470614504601,99.42208944340808,4.1488051945975215,4.2107501263062295,555712.8549873084,178092905964.4077,194970973820.44434,60890694.64880991,14350842.1509815,19011.454668680002,18542.15467784541,1036.3538729725233,4.8930060059822225,1.2072733576798331,0.276597146523065
22,3900.0,65.0,1.0833333333333333,28.280709213064483,28.34137080416432,0.0007829630658070835,90.74427991322132,90.3147978689139,90.72616184439138,1.0001997005986103,0.00019970059861024514,424.3521225062702,419.6649961785153,102.28719580192845,98.77429071271489,4.148633845901852,4.248727003255445,548081.9033573823,178126037462.40918,164314606394.50394,60947275.29716319,14365258.542312138,19041.477558777,18599.44177824336,1038.1720340036854,4.9024634654395385,1.2097978884794376,0.27720388971580245
22,3960.0,66.0,1.1,28.233731434055958,28.345439642597864,0.0007829630658070835,90.27233940803825,90.35727635895552,90.25445018306293,1.0001982087857058,0.00019820878570569913,424.7138202076932,423.8443484151891,102.37860157172946,99.22997392019894,4.148462800696942,4.271333868897779,541569.5168924483,178158754046.5103,188736032158.04758,61003166.40160626,14379507.427182458,19071.150287219498,18656.131328415497,1039.970406000185,4.911810404832593,1.212294253457891,0.2778040916218729
22,4020.0,67.0,1.1166666666666667,28.186753652417842,28.119292106799254,0.0007829630658070835,89.8053193619522,89.87848574487889,89.7876595851677,1.000196683785568,0.00019668378556796041,425.07107609941204,430.3775157766153,102.46893592994792,100.62848814641973,4.148292087174679,4.276895377285143,534871.5269004374,178191061575.12933,174627155318.63254,61058376.27144319,14393590.68161486,19100.476554758527,18712.22983244986,1041.7491726003918,4.9210479081096,1.214762706283608,0.27839780663740576
22,4080.0,68.0,1.1333333333333333,28.139775869758758,28.265351498852617,0.0007829630658070835,89.34318799666218,89.93828826039109,89.32575800537147,1.0001951283893908,0.00019512838939092495,425.4239361819646,425.33356177255786,102.55820941947981,104.56736304482442,4.14812172121601,4.067555587016496,528007.0763164093,178222963340.5387,185708331242.27927,61112911.82221505,14407509.89814762,19129.459690719566,18767.74110755977,1043.5085054486808,4.930177149504111,1.2172035198118554,0.27898509554123385
22,4140.0,69.0,1.15,28.092798086244304,27.902524977596297,0.0007829630658070835,88.88592018724812,88.93340131132025,88.86871380763974,1.0001936157154883,0.00019361571548819604,425.772436025271,413.2118858352412,102.64643017802736,101.01766206597202,4.147951714315073,4.090491478266278,521373.8155229716,178254461978.43958,178823509217.4875,61166778.34378919,14421266.286942877,19158.102111927656,18822.66817175365,1045.2485256833434,4.939198979035389,1.2196168855540517,0.27956600013931676
22,4200.0,70.0,1.1666666666666667,28.045820302380278,28.162004314341335,0.0007829630658070835,88.43348502373225,88.66456878739449,88.41649578188725,1.0001921501377629,0.00019215013776282842,426.11662104487806,431.98039667778266,102.73360861212943,99.96267699982857,4.147782082236405,4.32141684919586,514993.24735080067,178285560719.09723,167782242647.89526,61219982.6748454,14434861.42346692,19186.407138693918,18877.014737941743,1046.9694048810225,4.948114572931715,1.2220030776322481,0.2801405816127063
22,4260.0,71.0,1.1833333333333333,27.99884251843759,27.87139823626536,0.0007829630658070835,87.98584423262895,87.70668050517865,87.96907313724071,1.0001906476309246,0.00019064763092446903,426.45654654447054,434.42733711926445,102.8197574345312,102.68958227603486,4.1476128439226265,4.230490839387208,508414.9090253668,178316263498.51105,178303634561.4009,61272533.20595214,14448297.25246016,19214.378975752843,18930.785403539736,1048.6713643914227,4.956925414347921,1.2243624487218625,0.28070891958758026
22,4320.0,72.0,1.2,27.951864734461545,28.085069915014905,0.0007829630658070835,87.54297163630748,87.78959338435037,87.5264155011931,1.000189155868198,0.00018915586819797671,426.79224871203206,432.0061175748873,102.90488497370653,100.89687245701244,4.147444009301237,4.281660145203662,501896.07663236937,178346572995.52234,185685115478.84232,61324435.34137896,14461575.019620568,19242.020147325195,18983.983313007782,1050.3545329753633,4.965632393656655,1.2266952024872477,0.2812710589927354
22,4380.0,73.0,1.2166666666666666,27.90488695051057,27.79806018453346,0.0007829630658070835,87.10483696754125,86.82526297755875,87.0884929209315,1.0001876717125486,0.0001876717125485735,427.1237694755639,420.76238077786286,102.98900087816622,102.96491853638463,4.147275590922978,4.086463494157754,495420.6605948226,178376492309.14716,194377461769.32483,61375695.38882324,14474696.183029883,19269.333694976318,19036.61210204877,1052.0190681597533,4.974236579890174,1.2290015882595,0.2818270554353788
22,4440.0,74.0,1.2333333333333334,27.8579091665489,27.82973664054173,0.0007829630658070835,86.67141095024397,86.94326202186035,86.65527586141059,1.0001861985744431,0.00018619857444323584,427.45115190503213,418.7965550229777,103.07211501998646,100.65248682103037,4.147107603469145,4.160816769163762,489007.2668621059,178406024530.49597,185583027027.76242,61426319.846295714,14487662.24102252,19296.322800216745,19088.675287309707,1053.6651347892266,4.982739102772953,1.2312818703117987,0.2823769680053372
22,4500.0,75.0,1.25,27.81093138261784,27.731138239401446,0.0007829630658070835,86.24266388156839,86.13009222049286,86.22673520608056,1.0001847301240128,0.0001847301240126832,427.77443829014754,415.0051996423897,103.15423711132054,101.80669353928117,4.14694006052808,4.076403871050617,482623.20540070994,178435172747.53558,199211481816.28897,61476315.09276575,14500474.666921891,19322.990579717312,19140.176436700167,1055.2928946272696,4.991141063911201,1.2335363066734342,0.28292085440399806
22,4560.0,76.0,1.2666666666666666,27.76395359868222,27.694630579954545,0.0007829630658070835,85.81856757879508,85.5468824517769,85.80284225465475,1.0001832727649471,0.00018327276494714027,428.09366914953586,424.4281422288076,103.23537643733454,104.80033153766657,4.1467729757288705,4.0498740414410115,476302.6305525503,178463939952.03833,175386236491.07654,61525687.23692691,14513134.86817427,19349.34000560142,19191.118935531795,1056.9025011861377,4.999443512625376,1.235765142399245,0.28345876928374714
22,4620.0,77.0,1.2833333333333334,27.716975814746732,27.66080942657494,0.0007829630658070835,85.39909338431664,85.33379279197584,85.38356872343165,1.0001818225815235,0.0001818225815236012,428.4088850363243,433.28746792896925,103.31554230274111,101.26979576988514,4.146606362293256,4.278545884634015,470025.612642469,178492329155.62305,186588100962.58862,61574442.397199064,14525644.25652361,19375.37406400677,19241.506226159836,1058.4941091538367,5.007647501488826,1.2379686239917689,0.2839907677000493
22,4680.0,78.0,1.3,27.66999803080518,27.681291445770157,0.0007829630658070835,84.98421346188667,84.91972137068113,84.96888674414045,1.0001803803525444,0.00018038035254447642,428.720124878707,420.48726874336074,103.39474363490056,100.93019928669123,4.146440232905553,4.166119473805564,463796.76451572805,178520343304.09485,171176601528.9738,61622586.44238877,14538004.184787221,19401.095602551344,19291.341652277548,1060.067865579138,5.015754029930285,1.2401469850305649,0.28451690169873123
22,4740.0,79.0,1.3166666666666667,27.62302024695457,27.70991897639694,0.0007829630658070835,84.57392383052823,84.23084655999281,84.55876886431648,1.000179224064107,0.0001792240641070699,429.0273653571982,434.0324123577718,103.47297487370432,102.259068427298,4.146274579240181,4.2444393346527605,459039.41947809554,178547983674.5349,177646199571.32025,61670115.43741593,14550213.662841722,19426.501384697796,19340.625692080364,1061.623572044019,5.023761663865166,1.2422998509754848,0.2850370792898418
22,4800.0,80.0,1.3333333333333333,27.576042463128726,27.495970819228937,0.0007829630658070835,84.16818168284382,84.18498978981067,84.1531880444079,1.0001781707714748,0.00017817077147466904,429.33068420141603,426.28955220778465,103.55025397254508,102.44648727633755,4.146109427363134,4.161094865633781,454802.970555517,178575254274.39075,162967860957.0275,61717041.37426481,14562275.507006451,19451.598075724323,19389.36348759801,1063.1615925675906,5.031672924908143,1.244427836678879,0.2855514428665975
22,4860.0,81.0,1.35,27.529064679308487,27.490313104890657,0.0007829630658070835,83.76695547154583,83.71865810912055,83.75211765915058,1.0001771634295342,0.0001771634295341483,429.6301298519565,432.58456864611685,103.62659206972585,103.15917678289898,4.145944793425968,4.193369723728037,450792.5163430838,178602158318.38037,183491909834.5253,61763371.63606542,14574191.432789445,19476.38949292808,19437.558828294466,1064.6821296550033,5.039489197321963,1.2465312731144103,0.28606006763191427
22,4920.0,82.0,1.3666666666666667,27.48208689549012,27.487374415177857,0.0007829630658070835,83.37021734078957,83.36240153844794,83.35553149685141,1.000176183195937,0.00017618319593712777,429.92574114748805,422.13012590692455,103.70199806933384,101.99506343898308,4.1457806903589765,4.13873095102742,446910.94453258364,178628698761.33777,164278331951.42465,61809112.09823114,14585962.79584302,19500.878527972134,19485.215060217142,1066.1853334106581,5.047211495197324,1.2486103991030628,0.2865630069971181
22,4980.0,83.0,1.3833333333333333,27.435109111669888,27.299915560740434,0.0007829630658070835,82.97793943473033,82.78344313503686,82.96340375890557,1.0001752058759186,0.00017520587591851077,430.2175569266794,433.50927462819516,103.77648087545627,101.24593609409598,4.145617131139665,4.281744940609766,443035.2984118717,178654878558.09766,167555296781.46295,61854268.64133176,14597590.953468904,19525.06808630118,19532.335529413445,1067.671354881526,5.054840837749687,1.2506654551456364,0.28706031480728633
22,5040.0,84.0,1.4,27.388131327844064,27.413160849562622,0.0007829630658070835,82.59009389752342,82.64940044272718,82.57570905950517,1.0001742018104607,0.00017420181046073538,430.50561602819886,443.4288611073328,103.85004939218034,102.8896031080118,4.1454541287932685,4.30975383044124,439016.61736236577,178680700663.49426,194663952265.46347,61898847.151010245,14609077.264592066,19548.961086891213,19578.923581930794,1069.1403460415422,5.062378249193671,1.2526966833880682,0.2875520453328595
22,5100.0,85.0,1.4166666666666667,27.341153544008904,27.328868685150564,0.0007829630658070835,82.20665287332416,82.16800920408147,82.19242242542803,1.0001731357645414,0.00017313576454126432,430.7899572907152,430.3083029793127,103.9227125235933,103.28085918846637,4.145291696393261,4.166389652066007,434680.01865629933,178706168032.36206,167760065071.5735,61942853.517900646,14620423.089734964,19572.56046200276,19624.982563816586,1070.5924597761496,5.069824758620051,1.2547043275873477,0.2880382532613788
22,5160.0,86.0,1.4333333333333333,27.29417576016068,27.23908474203078,0.0007829630658070835,81.82758850628784,81.25877947352319,81.81351929589148,1.0001719668157223,0.00017196681572239692,431.07061955289686,428.46020777946677,103.99447917378234,105.52000703639004,4.145129847061847,4.060464169905773,429825.19324542175,178731283619.53516,172805581206.0161,61986293.63754684,14631629.790991865,19595.869156937202,19670.51582111825,1072.027849867025,5.077181399875187,1.2566886330779568,0.288518993689332
22,5220.0,87.0,1.45,27.24719797629566,27.26679840946118,0.0007829630658070835,81.45287294056979,81.33844665809296,81.43897552248713,1.0001706482429757,0.000170648242975825,431.34764165341255,419.5605412719039,104.06535824683469,103.70970074543841,4.14496859397044,4.045528414952619,424227.52688402956,178756050379.84802,183253037584.436,62029173.41032222,14642698.732003622,19618.890129796477,19715.52669988318,1073.446670976995,5.084449211443008,1.2586498467388907,0.288994322114148
22,5280.0,88.0,1.4666666666666666,27.200220192410097,27.35154646049573,0.0007829630658070835,81.0824783203253,81.19508647385791,81.06876736917528,1.0001691274160809,0.00016912741608096025,431.6210624309307,433.273829201699,104.13535864683755,103.86143687908756,4.144807950340107,4.171652561538347,417640.10356336064,178780471268.135,187126295742.6522,62071498.7413497,14653631.277932435,19641.626351246072,19760.018546158793,1074.8490786351122,5.091629236329226,1.2605882169612155,0.2894642944262915
22,5340.0,89.0,1.4833333333333334,27.15324240850027,27.02806914406773,0.0007829630658070835,80.71637678970967,80.92049466577589,80.70287151236812,1.0001673456853326,0.00016734568533266112,431.8909207241198,426.14336182011135,104.20448927787818,109.70813232647068,4.144647929442009,3.8843370384976494,409796.8915216008,178804549239.23053,179232878550.39545,62113275.540423065,14664428.795437098,19664.08080428143,19803.994705992503,1076.235229221912,5.098722521948346,1.2625039936162263,0.2899289669014897
22,5400.0,90.0,1.5,27.106264624562435,27.314537367760302,0.0007829630658070835,80.35454049287823,80.54951385372357,80.34126504108357,1.0001652382718627,0.00016523827186274188,432.15725537164866,444.11207718949436,104.27275904404374,102.80736533314519,4.144488544597826,4.319846887918566,400417.46420765424,178828287247.96912,170782669083.53067,62154509.721928775,14675092.652648322,19686.25648399697,19847.458525431713,1077.6052799548452,5.10573012001263,1.264397428024047,0.2903883961930829
22,5460.0,91.0,1.5166666666666666,27.059286840592865,27.009638067927884,0.0007829630658070835,79.99694157398628,79.47460876943207,79.98392545717616,1.0001627341585915,0.00016273415859152787,432.42010521218555,442.3647721441897,104.34017684942148,108.34883295215303,4.144329809180146,4.082782989822682,389213.659356139,178851688249.18475,158244842165.93954,62195207.20476824,14685624.219144337,19708.156397359155,19890.413350523842,1078.9593888738827,5.1126530864237765,1.2662687729228939,0.2908426393244876
22,5520.0,92.0,1.5333333333333334,27.0123090566305,26.916497705752043,0.0007829630658070835,79.64364946844945,79.20693671929978,79.63083067596345,1.0001609777566953,0.0001609777566953202,432.6794177048069,436.05615834890625,104.40673016212827,101.1190827325306,4.1441717122346375,4.312303341420881,381669.95896790194,178874745963.42505,176115348556.86346,62235360.39049789,14696021.48569329,19729.776763786052,19932.850840678417,1080.297298318901,5.119490698482856,1.2681177676181186,0.2912916256954716
22,5580.0,93.0,1.55,26.96533127268213,26.84778175777253,0.0007829630658070835,79.29461111852069,79.26231714583864,79.2819590260469,1.0001595834995656,0.00015958349956551166,432.9352338663873,446.33470823774394,104.47242831933524,104.7884725410312,4.144014270856781,4.259387482368122,375876.1208515541,178897466773.93536,178418234546.9278,62274974.07624987,14706285.857884414,19751.11875407152,19974.777369198386,1081.6191301055796,5.126242514305751,1.2699443873430543,0.29173536215974094
22,5640.0,94.0,1.5666666666666667,26.918353488734112,26.944064829284745,0.0007829630658070835,78.94971494377941,78.98114345689964,78.9372892498838,1.0001574122194172,0.0001574122194172798,433.18771358892843,428.2776040231166,104.53730722694641,106.365605726036,4.1438575861581635,4.026467024746925,366475.9448161967,178919864019.59875,186174374402.5234,62314074.14437726,14716423.02850274,19772.196698236396,20016.20633913728,1082.925596873265,5.132913641259144,1.2717498465281896,0.2921741148159267
22,5700.0,95.0,1.5833333333333333,26.871375704785986,26.753863188790852,0.0007829630658070835,78.60900893235244,78.8018664161223,78.59680050459164,1.0001553298312706,0.00015532983127072153,433.4367808573077,438.27707225647663,104.6013498946207,101.88526655017128,4.143701599395879,4.301672725571722,357573.5553469409,178941931510.26727,188559502312.61,62352648.15641442,14726430.222794406,19793.003300741795,20057.131986155535,1084.2163179428717,5.1395015447000745,1.2735335143502589,0.29260774097024145
22,5760.0,96.0,1.6,26.824397920837722,26.892589682140695,0.0007829630658070835,78.27249693048236,78.13122027670278,78.26047236249012,1.000153648037499,0.00015364803749900774,433.68242972168986,434.26710096898597,104.66455498988714,101.90299675086672,4.143546301454135,4.261573406233437,350577.5125962989,178963668757.12,175082070360.97992,62390695.00341222,14736307.178421013,19813.53766422336,20097.55384824203,1085.4912387522172,5.146005945032009,1.2752953071174282,0.293036219878517
22,5820.0,97.0,1.6166666666666667,26.77742013688932,27.031837466878525,0.0007829630658070835,77.9401789381692,78.46372980384874,77.92828481182426,1.000152629130407,0.00015262913040704757,433.92466018207483,438.8119208276823,104.72692251274572,103.6367538716008,4.143391687359708,4.234134169923363,346630.38300455053,178985075760.15704,188036002432.19708,62428214.538009286,14746053.847373448,19833.799436183806,20137.471925396763,1086.7503327591812,5.152426753105317,1.2770351876850743,0.29345954121905216
22,5880.0,98.0,1.6333333333333333,26.730442352940777,26.639656230649386,0.0007829630658070835,77.61205495541293,77.7301165620629,77.60021825757808,1.0001525343368953,0.0001525343368953211,434.16347223846265,443.8936013049668,104.78845246319649,103.26253161620713,4.14323775218408,4.2986898961064925,346877.5563510812,179006152519.37817,169050076007.34106,62465206.61499429,14755670.18232748,19853.788269107506,20176.88621761974,1087.9935737704327,5.158763881232616,1.2787531194341177,0.293877694807414
22,5940.0,99.0,1.65,26.683464568992257,26.714618766231467,0.0007829630658070835,77.28797177213767,77.53989628512153,77.27625352237325,1.000151641018169,0.00015164101816893868,434.39900500522293,433.0694415152468,104.84917817189123,104.56046175507035,4.143084500796593,4.141808808473882,343487.9137437223,179026912226.3714,179458961091.78613,62501692.862252444,14765161.390933216,19873.51548452652,20215.815128523675,1089.2215983419865,5.165020904263706,1.2804500203662066,0.2942908936801234
22,6000.0,100.0,1.6666666666666667,26.63648678504382,26.584041568454406,0.0007829630658070835,76.9679379719933,76.78520125329084,76.95637184746175,1.0001502945663092,0.0001502945663091614,434.6312835316951,441.11788784226087,104.90910428006808,102.50534869559222,4.142931983971496,4.303364589805343,338056.8249256096,179047356546.99805,178532157421.47238,62537677.19246063,14774528.209410347,19892.98312127334,20254.257627039515,1090.4344869575489,5.171198611624632,1.282126058996182,0.294699171957447
22,6060.0,101.0,1.6833333333333333,26.589509001095394,26.74418667160932,0.0007829630658070835,76.65196843169849,76.62407115230668,76.64055489381208,1.0001489229547231,0.00014892295472319835,434.860309992139,442.392774945216,104.96823070518442,102.93310494677633,4.1427802209365145,4.297866805572068,332536.6346082103,179067485204.51044,191695588925.62036,62573159.7976096,14783770.605237067,19912.191127584767,20292.211926174026,1091.6322220930515,5.177297058541235,1.283781230818926,0.29510252645217117
22,6120.0,102.0,1.7,26.542531217146966,26.665129132099164,0.0007829630658070835,76.34005517261012,76.71354290023078,76.32878474328915,1.000147656344312,0.0001476563443120193,435.0860936747083,434.04831385663357,105.0265595536287,106.26377453511299,4.142629212304574,4.084631058472424,327507.73698105715,179087299107.33502,180960517665.2501,62608141.99944922,14792888.870923288,19931.139964016955,20329.67898432278,1092.814821752966,5.183316405987036,1.2854155642580007,0.2955009620425888
22,6180.0,103.0,1.7166666666666666,26.49555343319854,26.471129964982183,0.0007829630658070835,76.03216811925975,75.41766698331145,76.02104389992886,1.0001463307889529,0.00014633078895284372,435.3086711799037,437.15098042033793,105.08409906668962,105.14262485092111,4.14247897680165,4.157695140673561,322239.0083874836,179106801820.90686,172462015653.4431,62642629.38978499,14801884.277810127,19949.83236721462,20366.662414154656,1093.9824260486894,5.189257515977715,1.287029267694889,0.2958945248569407
22,6240.0,104.0,1.7333333333333334,26.448575649250117,26.435546864143248,0.0007829630658070835,75.72830006831659,75.91840825517885,75.71731529131485,1.0001450761554274,0.0001450761554272669,435.52805308145474,443.3755503926374,105.14085160272423,104.49275810402389,4.142329517427744,4.243122283663441,317304.62061741634,179125994274.31287,165492190473.21762,62676623.50373292,14810757.16297429,19968.268945949734,20403.163080934617,1095.1350605647012,5.19512060982067,1.2886223844217426,0.2962832232004855
22,6300.0,105.0,1.75,26.401597865301692,26.384599376978816,0.0007829630658070835,75.42842615571679,75.55689353749823,75.41758227004831,1.0001437845836751,0.00014378458367506012,435.74427240970414,437.2895177633619,105.19682454680344,104.45313471977349,4.1421808527674315,4.1864661978457685,312230.28148968547,179144879568.02118,183416744218.0004,62710129.39212194,14819508.666407086,19986.45218918541,20439.18397133699,1096.2728513005131,5.200906490934948,1.2901951067470936,0.2966670994706728
22,6360.0,106.0,1.7666666666666666,26.354620081353282,26.610821830487332,0.0007829630658070835,75.13254553815504,75.23964991581846,75.12182861532997,1.0001426605691395,0.00014266056913957132,435.9573309809557,431.60075941043016,105.25201791167893,106.33865332436268,4.14203299500428,4.058738247266748,307902.2093924028,179163458663.54095,170895443597.40372,62743147.22329706,14828138.750281453,20004.381802898584,20474.725186659725,1097.395764941427,5.206614989568493,1.2917473765761454,0.29704613678528435
22,6420.0,107.0,1.7833333333333334,26.30764229740487,26.337100277377615,0.0007829630658070835,74.84063187410793,74.44434873711133,74.83003853463792,1.000141565334957,0.0001415653349570631,436.167263239305,437.94766484897843,105.30643970874873,108.96423638772575,4.1418859515679625,4.019187206439332,303711.9445350598,179181734170.16486,181696149189.33517,62775682.273100436,14836648.657232285,20022.060536107267,20509.789891049768,1098.5039502667387,5.212247066715449,1.2932794289227818,0.29742038895346923
22,6480.0,108.0,1.8,26.260664513456454,26.285268964043787,0.0007829630658070835,74.55266848938822,74.5217841532637,74.54219666551533,1.0001404818256145,0.00014048182561455375,436.3740913307077,422.54203233511976,105.36009489213296,102.37326805772534,4.141739733411069,4.127464526157946,299585.0556412789,179199708161.38654,179581408231.35767,62807737.89660588,14845039.141690373,20039.48998304647,20544.380087412497,1099.5974859879716,5.217803243861681,1.2947913849873185,0.29778988219799807
22,6540.0,109.0,1.8166666666666667,26.213686729508044,26.187905099487626,0.0007829630658070835,74.2686387098087,74.8508368283087,74.25828807746818,1.00013938689685,0.000139386896850092,436.57783740111967,430.68270802316914,105.41298841595182,106.54953186751385,4.141594351527308,4.042089162425321,295423.05624048406,179217382710.6994,185163424918.72412,62839317.451734185,14853310.958999962,20056.671744615232,20578.49777865328,1100.676451289295,5.223284044243947,1.296283366654377,0.2981546429248345
22,6600.0,110.0,1.8333333333333333,26.16670894555963,26.11497865394713,0.0007829630658070835,73.98852586118214,74.37226422618147,73.97829827397295,1.0001382511824117,0.0001382511824117596,436.77852359649665,433.6757092369722,105.46512523432546,100.71370187245826,4.141449816951808,4.306024911944654,291103.69384666084,179234759891.5971,192970210232.97336,62870424.299211085,14861464.865405679,20073.607428272793,20612.14496767749,1101.7409258209636,5.228689992810175,1.2977554964807982,0.29851469772018024
22,6660.0,111.0,1.85,26.119731161611213,25.907304410043764,0.0007829630658070835,73.71231326932133,73.31827431127043,73.70221319459607,1.0001370389610769,0.0001370389610769378,436.97617206279443,430.5218649724219,105.51651030137401,106.1057744226451,4.141306140761407,4.0574781845288515,286481.5317063703,179251841777.57336,186943471979.9695,62901061.80252549,14869501.6180394,20090.298647936026,20645.3236573905,1102.7909896928077,5.234021616180662,1.2992078976837753,0.29887007334756577
22,6720.0,112.0,1.8666666666666667,26.072753377662796,26.262321603499355,0.0007829630658070835,73.43998426003904,74.15030528524159,73.43001921723557,1.0001357080239077,0.00013570802390765405,437.17080494596905,434.67415713019034,105.5671485712177,103.1532624842764,4.141163334074946,4.213867275370447,281389.0262112796,179268630442.12177,183693970653.6378,62931233.32788825,14877421.97490742,20106.747023877964,20678.035850697685,1103.8267234677915,5.239279442610005,1.3006406941291448,0.2992207967449727
22,6780.0,113.0,1.8833333333333333,26.025775593714375,26.041810786876614,0.0007829630658070835,73.17152215914805,72.8563814106051,73.16170316047071,1.000134209542058,0.00013420954205794743,437.3624443919761,437.1673759717274,105.61704499797665,106.03531082457705,4.141021408053548,4.12284712113467,275638.35747565207,179285127958.73584,185943618506.43686,62960942.244190425,14885226.694877356,20122.954182626956,20710.28355050441,1104.8482081555749,5.244464001949751,1.3020540103198197,0.29956689502198675
22,6840.0,114.0,1.9,25.97879780976595,25.765935686272613,0.0007829630658070835,72.90691029246113,73.0889799658883,72.89725228604576,1.0001324879349016,0.00013248793490158975,437.55111254677166,436.558542818702,105.66620453577107,102.40854034915063,4.140880373900891,4.2629114850216965,269024.3250515681,179301336400.90906,177874107320.0086,62990191.92296308,14892916.537665658,20138.921756867174,20742.06875971605,1105.855525206197,5.249575825611956,1.3034479713844558,0.29990839545700165
22,6900.0,115.0,1.9166666666666667,25.931820025817522,26.065074973824025,0.0007829630658070835,72.64615722552035,72.44589929001728,72.63665430146602,1.0001308282181458,0.0001308282181457713,437.73681126580897,436.9562005406601,105.71462720348548,105.0634035659876,4.140740244235346,4.15897625347935,262722.3718294558,179317255808.62994,182926953340.87643,63018982.58663264,14900491.48816073,20154.64972330247,20773.390449438666,1106.8486594735532,5.254614949280452,1.3048225700205318,0.3002452939542426
22,6960.0,116.0,1.9333333333333333,25.884842241869094,25.87590749577932,0.0007829630658070835,72.38927692708198,72.56721614406922,72.37989736273003,1.000129587975304,0.00012958797530397418,437.91953465649453,440.0682459446745,105.76231062968499,105.76779184837987,4.140601052012009,4.160701837999234,258147.68119021397,179332886830.5301,188516183485.43997,63047313.23558229,14907951.14820265,20170.137118504586,20804.246941743575,1107.8275279307773,5.2595809404148355,1.3061776762844417,0.3005775551267491
22,7020.0,117.0,1.95,25.83786445792067,25.912380793013448,0.0007829630658070835,72.13622239546956,72.63731080860131,72.12697007718691,1.0001282782054028,0.00012827820540287324,438.0993265324326,451.2510498148647,105.80926536777585,107.69138027302282,4.1404627941576795,4.190224404876582,253325.35044618358,179348233436.38782,178154893358.86835,63075190.608201295,14915297.154753067,20185.387417945385,20834.6438824778,1108.792327058959,5.264474914551485,1.3075135745309936,0.3009052450843317
22,7080.0,118.0,1.9666666666666666,25.790886673972246,25.802872203759378,0.0007829630658070835,71.88697869615001,71.81321000163665,71.87786150652332,1.0001268428057764,0.00012684280577637106,438.2762185963209,458.63300903534736,105.85549777900923,105.8354839446596,4.140325517256502,4.333452183911799,248043.70527683437,179363299193.6344,178133686529.99005,63102619.60229346,14922530.507787779,20200.402974781216,20864.58306557925,1109.7431598966186,5.269297557541748,1.308830422836719,0.30122839600811524
22,7140.0,119.0,1.9833333333333334,25.743908890023818,25.692237490866475,0.0007829630658070835,71.64155314381222,71.5037391766556,71.63256116989515,1.000125529141639,0.00012552914163903382,438.4501958264392,434.4707656721197,105.90100486192819,106.785558017293,4.140189192709575,4.0686285087517255,243275.7668627209,179378082363.28986,184427725594.30356,63129597.766972184,14929650.692601606,20215.18236594103,20894.06361240661,1110.6799536437038,5.274048476169995,1.3101281146125796,0.30154698356775267
22,7200.0,120.0,2.0,25.696931106075397,25.47038991827464,0.0007829630658070835,71.39994001255516,71.35398271563686,71.39105904719199,1.0001243988460418,0.00012439884604184103,438.62126628445895,444.96119619785867,105.94578832753639,105.54420928973023,4.140053825721139,4.215875027083601,239246.3205368329,179392583852.82104,167546295053.9681,63156126.27911776,14936657.954589449,20229.726029755504,20923.08621075581,1111.6027240402627,5.278727803635562,1.3114066738053527,0.30186101155513034
22,7260.0,121.0,2.0166666666666666,25.649953322126972,25.696765806125327,0.0007829630658070835,71.16209358425415,70.92947418184754,71.15334558244142,1.0001229457552716,0.0001229457552715901,438.78949433832764,438.4811258937379,105.98986183724351,106.90295417763454,4.139919485998825,4.101674544607428,234008.83795440508,179406810907.84613,176835699007.0111,63182215.145159185,14943554.454340316,20244.038952406758,20951.65635229347,1112.5117131206853,5.283336967808296,1.3126664510715678,0.30217055567916784
22,7320.0,122.0,2.033333333333333,25.602975538178544,25.47653089118128,0.0007829630658070835,70.92803844839727,70.97355301174643,70.91941168736913,1.0001216417455092,0.00012164174550923525,438.95484536775206,439.5754916263388,106.03321804326193,105.77557766040842,4.139786129933894,4.1557370930895985,229378.5755494469,179420759631.31012,173627096953.8648,63207858.85543966,14950338.987570606,20258.118139074373,20979.771083327327,1113.40676610621,5.287875123293546,1.3139072239852378,0.3024755655665774
22,7380.0,123.0,2.05,25.555997754230123,25.71732455622636,0.0007829630658070835,70.69777035007282,70.35596846451675,70.68924874509713,1.000120550226901,0.00012055022690101533,439.11732585686923,445.81839223445206,106.07585829328335,106.32872472883922,4.139653762148007,4.192831178699674,225577.52514830625,179434430775.63953,174682780646.75317,63233058.3462742,14957011.74384299,20271.963909881713,21007.430914957895,1114.2878924568977,5.292342365783185,1.315129007258717,0.30277604292219484
22,7440.0,124.0,2.066666666666667,25.509019970281695,25.57910959260997,0.0007829630658070835,70.47125261742913,70.07671007400074,70.46284861400237,1.0001192685733271,0.00011926857332718702,439.2769916905775,436.4536007305919,106.1177942026721,104.16136444612788,4.139522452300618,4.190167852076526,221092.47266785713,179447830825.7788,167707825498.42273,63257822.30805421,14963574.562153913,20285.580547297082,21034.64025221239,1115.1552935237441,5.296739897363196,1.316332092585407,0.3030720495164285
22,7500.0,125.0,2.0833333333333335,25.46204218633327,25.264140416856815,0.0007829630658070835,70.24849002412725,70.15593231861875,70.2402036317298,1.0001179722148998,0.00011797221489984693,439.43383559420846,441.1365736048597,106.15902425942895,107.65567034111632,4.139392186954641,4.097662224452091,216587.5515400353,179460958937.56744,190171982556.8025,63282149.522871226,14970027.17440638,20298.967279510412,21061.39852167808,1116.0089261509156,5.301067507734004,1.3175164185531614,0.3033635706032549
22,7560.0,126.0,2.1,25.41506440238485,25.38474528223618,0.0007829630658070835,70.0294742849692,70.28659543558467,70.02130661936629,1.0001166454326154,0.00011664543261540227,439.5878702082337,436.5913539004318,106.19955108445754,106.02889360940436,4.139262979168732,4.117663959682286,212007.7068545598,179473816589.07355,184356708079.46875,63306041.89946082,14976369.97669109,20312.124931436963,21087.706718573943,1116.8488243795027,5.30532543073879,1.3186820349729516,0.30365061553010886
22,7620.0,127.0,2.1166666666666667,25.368086618436422,25.219919614374103,0.0007829630658070835,69.8142022408014,70.1141880110725,69.80615088577797,1.0001153387620039,0.00011533876200393898,439.7391005250695,445.3588657379087,106.23937563746966,104.90458275549429,4.13913483476815,4.2453709269873,207538.63912579368,179486404497.78925,179555473947.9352,63329500.146728754,14982603.098820731,20325.053690716217,21113.56522237788,1117.6749894589557,5.309513704060109,1.3198289422074865,0.3039331825221345
22,7680.0,128.0,2.1333333333333333,25.321108834488,25.323641470544423,0.0007829630658070835,69.60266651978124,69.24609284145596,69.59473023211832,1.0001140357558171,0.00011403575581721456,439.8875394981543,437.7753131947404,106.27850048992282,100.87635970543371,4.139007771754023,4.339721560860008,203120.06812575017,179498724293.95844,186970491044.02112,63352526.22791618,14988726.931535684,20337.754392217583,21138.974918596523,1118.4874531854966,5.31363254834082,1.3209571859273144,0.30421127953210725
22,7740.0,129.0,2.15,25.274131050539577,25.243113473314924,0.0007829630658070835,69.39486023258208,69.36994159854437,69.38703895650862,1.00011271955384,0.00011271955384001345,440.0332005089809,432.00192624156546,106.3169282199657,103.32065597349437,4.138881811921511,4.1811767663611255,198692.64636195725,179510777742.94604,187692726674.38364,63375122.1772334,14994741.86835745,20350.22789285035,21163.9366347766,1119.2862464007612,5.317682178977975,1.3220668097929718,0.3044849137039263
22,7800.0,130.0,2.1666666666666665,25.227153266591152,25.151143789326454,0.0007829630658070835,69.19077862897731,69.35948308337088,69.18307185889604,1.000111396760424,0.00011139676042412577,440.17609537252616,442.19130570304554,106.35466093096619,102.41326861865063,4.138756980836414,4.317714995989469,194281.3661877482,179522566605.7574,189303009294.04767,63397289.78845599,15000648.228903316,20362.474893611303,21188.45094151591,1120.0713885383466,5.321662744610094,1.3231578393616292,0.3047540875202843
22,7860.0,131.0,2.183333333333333,25.180175482642728,25.153249506666505,0.0007829630658070835,68.99041660186118,69.0650734290917,68.98282424609167,1.0001100615385423,0.00011006153854229626,440.3162354336909,442.0338319370906,106.39170074019184,107.03510650811458,4.138633299123035,4.129802327085824,189867.3161081646,179534092438.03253,172878779499.56207,63419030.780361414,15006446.334335618,20374.49609061911,21212.518452280612,1120.8429019096793,5.325574411192235,1.32423030584145,0.30501880530094194
22,7920.0,132.0,2.2,25.133197698694303,25.093469892167626,0.0007829630658070835,68.79376337019625,67.979242909264,68.78629193700166,1.0001086180543273,0.00010861805432722089,440.45365555484665,444.7928227132793,106.42805349793473,108.39172960835288,4.138510863241465,4.103567904308104,185125.58614637985,179545360786.36664,189830239922.3925,63440350.58117685,15012137.119144283,20386.293817000318,21236.140462090214,1121.6008582546092,5.329417633194716,1.325284301285004,0.30527907895954964
22,7980.0,133.0,2.216666666666667,25.08621991474588,25.073418868522065,0.0007829630658070835,68.6008172216522,68.69153934696004,68.59347126804089,1.0001070940641363,0.00010709406413643832,440.58836120823355,454.0700542328597,106.46372012503647,106.60563369847193,4.138389685150809,4.2593438871830305,180163.55001429576,179556372518.53986,174554782077.44882,63461249.991053104,15017720.713079907,20397.868306412245,21259.317176630037,1122.3452582127238,5.33319244658589,1.3263198250211659,0.3055349060213248
22,8040.0,134.0,2.2333333333333334,25.03924213079745,25.14010840055566,0.0007829630658070835,68.41158492179483,68.0862041567257,68.4043590987518,1.000105633955763,0.00010563395576293288,440.72033080751237,431.22710363260904,106.49869698648695,103.75684306939684,4.138269699801426,4.156131690940006,175471.7956047116,179567124215.2287,194099474739.20242,63481725.54803595,15023196.50194873,20409.2178536515,21282.04778321951,1123.0760362269439,5.3368984986342625,1.3273367899251092,0.30578627045124884
22,8100.0,135.0,2.25,24.992264346849026,25.131749342285147,0.0007829630658070835,68.2260664706241,68.37342814917851,68.21895281762093,1.000104276783934,0.00010427678393410089,440.8495643526828,438.9397130081604,106.53298408228615,109.27289922592591,4.138150903687916,4.016912849549601,171170.9272046615,179577615876.43268,185748912390.71814,63501777.19220558,15028564.465751559,20420.342305190265,21304.332281858635,1123.7931799558773,5.340535748164243,1.3283351784298372,0.30603316720037954
22,8160.0,136.0,2.2666666666666666,24.945286562900602,25.042915732657345,0.0007829630658070835,68.04426186814005,68.1829111057051,68.03725034810223,1.0001030541358145,0.00010305413581453915,440.97606184374513,436.64952110525064,106.56658141243406,101.88538745057429,4.138033293355628,4.285693287637288,167351.86299983575,179587847502.15198,181534199332.27728,63521404.864981264,15033824.584924817,20431.24151053696,21326.170672547414,1124.4966772904045,5.344104154624922,1.3293149732614218,0.30627559130287896
22,8220.0,137.0,2.283333333333333,24.898308778952178,24.883694481053613,0.0007829630658070835,67.86617111434266,67.53145644758122,67.85925015485594,1.0001019899198846,0.00010198991988456386,441.0998232806992,432.25104469452435,106.59948897693072,103.25590232501473,4.1379168654003395,4.186211489721372,164077.7241878888,179597819092.38672,175262636746.7923,63540608.509120315,15038976.84034048,20441.915322232468,21347.56295528584,1125.186516353574,5.347603678082535,1.3302761574376447,0.30651353787574953
