batch_id,time_s,time_min,time_hr,T_celsius,T_meas_celsius,cooling_rate_degC_s,c_kg_m3,c_meas_kg_m3,cs_kg_m3,S_supersat_ratio,sigma_rel_supersat,mean_L1_um,mean_L1_meas_um,mean_L2_um,mean_L2_meas_um,aspect_ratio,aspect_ratio_meas,nucleation_rate_m3_s,mu00,mu00_meas,mu10,mu01,mu20,mu11,mu02
15,0.0,0.0,0.0,34.64293714496786,34.632022515554986,0.0009095282727463643,229.30435418405844,229.07111270280186,220.82036323107923,1.0384203287633444,0.038420328763344495,96.08520893311653,98.98093085819094,51.62225344249812,51.27988466586949,1.8613137266497979,1.9302097011943944,178729530.04079953,69164592980.41731,74100964251.3045,6645694.367297363,3570432.148082329,696.0226956482691,343.0657189300067,200.9019910398284
15,60.0,1.0,0.016666666666666666,34.58836544860308,34.47590620440148,0.0009095282727463643,219.52339938055823,219.35823639455074,218.90304040485344,1.0028339440811669,0.002833944081166974,229.420885218451,238.3573888495594,91.50277199431615,93.32315690886796,2.5072561215162077,2.5541076485691594,4302672.9854818,71167238099.3767,65638784454.60686,16327250.763311272,6511999.561272475,3859.2127245081597,1517.9551848159206,622.7751951514207
15,120.0,2.0,0.03333333333333333,34.53379375223828,34.52194162299729,0.0009095282727463643,217.5542436350622,217.9332257605704,217.00513823665526,1.002530379708374,0.0025303797083740436,248.03980237517393,244.78901568274105,97.39495340661561,102.90379299743553,2.5467418351711606,2.3788143133736717,3964781.2219208376,71410204764.15489,72302871852.73215,17712573.07727168,6954993.565761746,4520.58838581386,1754.4904095001316,706.4158808950929
15,180.0,3.0,0.05,34.47922205587349,34.416581143018476,0.0009095282727463643,215.63383431260766,215.3455239763192,215.1264668407281,1.0023584614172796,0.0023584614172796506,264.9598943580227,258.62889438870815,102.71234379979212,102.21091213550991,2.5796304957706453,2.530345234037451,3897195.0075427606,71646008311.06056,79289459038.64667,18983318.793272622,7358929.437528416,5172.394383097642,1985.1702079931658,787.2032272495723
15,240.0,4.0,0.06666666666666667,34.42465035950871,34.531623915190735,0.0009095282727463643,213.73949480491206,214.06127823492864,213.2668382268293,1.0022162685113756,0.0022162685113756323,280.64668742583217,278.49004948589663,107.61171483652409,108.34621273248563,2.6079566509294105,2.570371796691298,3835904.225656529,71877972757.3495,76170945097.8957,20172314.953234345,7734911.907391342,5821.079394402517,2212.7184972058512,866.2426139287082
15,300.0,5.0,0.08333333333333333,34.37007866314392,34.21446910141206,0.0009095282727463643,211.8690899964899,211.5177343028878,211.4260662829088,1.002095407256872,0.0020954072568718893,295.29827944127237,296.8772527536184,112.16411766194827,112.38030313435648,2.6327339402006675,2.641719629450423,3777105.020890511,72106345488.2642,79121361791.11192,21292879.759482373,8087744.619518759,6466.395746747268,2437.3917474667705,943.743798572029
15,360.0,6.0,0.1,34.31550696677914,34.1579534231124,0.0009095282727463643,210.02130869146416,209.9737307240157,209.6039667579359,1.0019910974967865,0.0019910974967865774,309.0606796613836,313.80009404247824,116.42148125461829,120.76582395243027,2.654670567070487,2.598418027322732,3720976.8982510655,72331280074.35304,72218930249.73418,22354754.580557443,8420914.767298838,7108.037067406341,2659.3474597821746,1019.8528042795797
15,420.0,7.0,0.11666666666666667,34.26093527041436,34.337243436647796,0.0009095282727463643,208.19512292503472,207.92947660620945,207.80035724491668,1.0018997353293901,0.001899735329390048,322.0475765777449,328.62257254716695,120.42382210122251,120.23891242963312,2.674284630386894,2.7330800479377695,3666745.9265110763,72552903682.59535,74324157401.63763,23365486.80465838,8737097.965999994,7745.753552842135,2878.7091134073353,1094.683956238581
15,480.0,8.0,0.13333333333333333,34.206363574049576,34.379730519150286,0.0009095282727463643,206.38974854507325,206.41099478956622,206.01505716405913,1.0018187572606196,0.0018187572606197073,334.3482639610544,340.5294501676927,124.2022779340924,128.3462643246585,2.6919656347887226,2.6532088951674186,3613991.047516762,72771319976.87422,73116144154.7123,24330964.50042229,9038363.709398502,8379.330639471538,3095.5709007900923,1168.3263674624507
15,540.0,9.0,0.15,34.15179187768479,34.25754118627066,0.0009095282727463643,204.60457162151292,204.47102748375275,204.24788774608274,1.0017463283433001,0.001746328343300183,346.03611959004064,365.00817321304083,127.78225401574326,130.04339527389416,2.708013896416381,2.8068182351304323,3562685.594241604,72986615704.91698,78596819051.51097,25256005.28053899,9326394.267755138,9008.57432923252,3310.006567283826,1240.8522384545954
15,600.0,10.0,0.16666666666666666,34.097220181320004,34.13647523273314,0.0009095282727463643,202.83907115056064,202.983712659692,202.49867201571917,1.0016809944058056,0.0016809944058055477,357.17251811703056,356.63238359892637,131.1848439047006,129.19904052916218,2.7226660297473004,2.7603330654644376,3512597.82828905,73198868825.48346,76089097275.75394,26144624.301716134,9602582.180871703,9633.32114941093,3522.078695926742,1312.3222319969282
15,660.0,11.0,0.18333333333333332,34.04264848495522,33.98904666512903,0.0009095282727463643,201.0928012263876,201.13745332029896,200.7672347753402,1.0016216114716712,0.0016216114716711837,367.80964188167593,371.2982647729901,134.42786768576028,130.1021255863354,2.7361115534575826,2.853898528557073,3463487.040436851,73408148420.94675,68504155428.46878,27000224.78190534,9868100.86298768,10253.429926166667,3731.840848980564,1382.7880606775034
15,720.0,12.0,0.2,33.98807678859044,33.74363179870347,0.0009095282727463643,199.36538780774302,199.1458931117495,199.05340258876868,1.0015673443152282,0.001567344315228229,377.9904165124957,388.9594856396126,137.52584104098446,135.13215145061477,2.7485046712046626,2.8783637458903426,3415457.6402304075,73614516256.09625,71830307982.34871,27825581.661007706,10123898.26094486,10868.784634145659,3939.3379563252547,1452.292399016478
15,780.0,13.0,0.21666666666666667,33.93350509222566,34.00014806309165,0.0009095282727463643,197.6564886107073,198.047612742465,197.35700376521348,1.0015174776662605,0.0015174776662606078,387.75223353769917,380.0581905488248,140.4913380404979,135.12195947428415,2.7599725288823573,2.8127048484754686,3368412.28008788,73818030543.00833,72376363672.45392,28623106.218405575,10370793.882501582,11479.289383221678,4144.611133146364,1520.8729602678823
15,840.0,14.0,0.23333333333333334,33.87893339586088,33.9784078190129,0.0009095282727463643,195.96579050534407,195.8246135067036,195.67786834338867,1.0014714089252554,0.0014714089252553702,397.12810960602746,402.46321276072496,143.33540588284134,142.05204002008264,2.770621167603416,2.833209665301721,3322178.6093299133,74018746571.9829,72053458746.20338,29394924.90153919,10609507.08283434,12084.862911276075,4347.697992649454,1588.563378616136
15,900.0,15.0,0.25,33.824361699496095,33.64116737122519,0.0009095282727463643,194.29301799921,193.94730067614856,194.01582807577256,1.00142869747374,0.001428697473740087,406.14571175619284,398.7923280009724,146.06720919627426,149.8422434120966,2.780539958221865,2.6614145578707906,3276862.0372618735,74216715425.69992,73167343178.75867,30142800.71077771,10840628.497946065,12685.441396680466,4548.631627019908,1655.3921377754066
15,960.0,16.0,0.26666666666666666,33.76979000313131,33.580053174143806,0.0009095282727463643,192.63790459021675,192.34144075907852,192.37071641301577,1.0013889233360618,0.0013889233360618728,414.83083862781336,423.0956931828561,148.69529505882326,148.82431209961192,2.789804737693334,2.8429205363950705,3232311.7528757225,74411986835.52127,69174514150.07523,30868386.902941093,11064712.338421106,13280.969219513625,4747.4440485206005,1721.3861513535142
15,1020.0,17.0,0.2833333333333333,33.71521830676653,33.5831698656,0.0009095282727463643,191.00020509835355,190.7841476794513,190.742368488502,1.001351753215055,0.0013517532150550712,423.2061369309842,428.0717620671503,151.22711668392603,150.3663254931832,2.7984804988083654,2.8468592330305813,3188486.5502771204,74604607492.26266,76920854751.52908,31573127.734052844,11282239.68239091,13871.401476766867,4944.16470820387,1786.5693660098036
15,1080.0,18.0,0.3,33.660646610401756,33.64063067527162,0.0009095282727463643,189.37968998737256,189.3995664174413,189.1306211030636,1.0013169146426757,0.0013169146426756703,431.29159651984406,449.44343168364395,153.6692134564041,151.42680335117987,2.806623310024303,2.968057317047907,3145397.9193071923,74794621944.17224,78837796261.75072,32258291.90940021,11493630.72493005,14456.703722970617,5138.821177991375,1850.963284041572
15,1140.0,19.0,0.31666666666666665,33.606074914036974,33.62760829590911,0.0009095282727463643,187.77613931394862,187.5506521212251,187.53531270984587,1.0012841667023817,0.0012841667023818417,439.1053236187469,442.8601726552053,156.02748415931578,156.01756053201808,2.814281893889845,2.838527734602805,3103017.052834629,74982072900.40625,72409672035.6737,32925027.386537362,11699264.191700796,15036.849383674997,5331.439877501759,1914.5877672443983
15,1200.0,20.0,0.3333333333333333,33.55150321767219,33.512326091060196,0.0009095282727463643,186.18934304427097,186.0625537797034,185.95628339931355,1.0012533034146363,0.001253303414636227,446.66352725022546,431.61871955976676,158.30718038505782,158.59177138244533,2.8214988490337913,2.7215707082236613,3061324.065056232,75167001695.62067,75578523265.63116,33574358.1101896,11899476.096432569,15611.820011374486,5522.046036021593,1977.4609777649316
15,1260.0,21.0,0.35,33.49693152130741,33.52278818588318,0.0009095282727463643,184.6190995521011,183.75516735386387,184.3933748843989,1.0012241473851418,0.0012241473851417283,453.98069251966797,449.5741501661055,160.51296734609093,156.9143974428968,2.828311631301507,2.8650917792913893,3020305.362585278,75349448185.39442,73151501913.59296,34207194.6681802,12094563.516128184,16181.604854649153,5710.663872918879,2039.5995524261405
15,1320.0,22.0,0.36666666666666664,33.44235982494263,33.61643060158098,0.0009095282727463643,183.065212104005,182.88229331980065,182.84643048581563,1.0011965320712475,0.0011965320712473756,461.07053864731824,488.3694356743031,162.64926280940637,161.55118346786526,2.8347533255506003,3.023001287833007,2979888.3944918006,75529451350.44691,69167565884.2903,34824404.81788698,12284809.582549112,16746.195942012437,5897.317019837325,2101.0194690839876
15,1380.0,23.0,0.38333333333333336,33.38778812857785,33.47607182432992,0.0009095282727463643,181.5274942558468,181.78165398295087,181.31529511749648,1.0011703322558243,0.0011703322558243331,467.94489226823424,460.6775556128586,164.71983739721944,165.43518120629892,2.8408532916396227,2.78464080163451,2940110.090673536,75707048510.98773,80378277789.67851,35426726.65942014,12470452.720553303,17305.593710108915,6082.027872468942,2161.7349409696208
15,1440.0,24.0,0.4,33.33321643221307,33.33017000238328,0.0009095282727463643,180.0057614331512,180.37665279679706,179.799815272187,1.001145419202197,0.001145419202196813,474.615324936054,458.386962545961,166.7283918872425,164.89044351210907,2.8466376935791096,2.7799486300265692,2900910.007359519,75882276384.71774,77866384923.8205,36014891.263220266,12651729.914367268,17859.79918766347,6264.8186019218665,2221.7600180331224
15,1500.0,25.0,0.4166666666666667,33.27864473584829,33.36809954194758,0.0009095282727463643,178.49983700200522,178.85615459986684,178.29983900717522,1.0011216947583557,0.0011216947583556206,481.0919360501997,481.90698571785543,168.6781272609588,170.39838883213685,2.852129934463354,2.828119379653246,2862312.2449383168,76055170347.70677,71935701113.1917,36589529.14920599,12828843.702764384,18408.82010896571,6445.710425482945,2281.107376754647
15,1560.0,26.0,0.43333333333333335,33.22407303948351,33.21758617320026,0.0009095282727463643,177.00954623621976,176.604266634625,176.8152159301675,1.0010990587265352,0.00109905872653517,487.38443243972324,498.482511853411,170.5721223375763,171.36447085705862,2.857351047524338,2.9089023492460897,2824271.513636775,76225765090.94695,72944904128.14687,37151251.256134845,13001990.528368356,18952.665730836485,6624.724331283001,2339.789406184594
15,1620.0,27.0,0.45,33.16950134311873,33.121846219532166,0.0009095282727463643,175.53471905757,175.64787402727762,175.34579718530276,1.0010774245821676,0.0010774245821676576,493.5017575935967,500.4565032765495,172.41320257630665,170.7488640633618,2.8623199976532114,2.930950703665233,2786760.2707890435,76394094287.4371,71293688762.42271,37700619.80062116,13171350.454013364,19491.34836826739,6801.880749138827,2397.8178030069976
15,1680.0,28.0,0.4666666666666667,33.11492964675395,33.02128365544412,0.0009095282727463643,174.0751892118914,174.16267848335667,173.89143543931172,1.0010567154852419,0.0010567154852419865,499.4521835472349,498.91277780076047,174.20397282522075,171.6721866218903,2.8670539221762548,2.9061945771077107,2749755.8229838116,76560190709.0985,71350938376.14401,38238154.422451966,13337089.381781513,20024.883228787916,6977.199649520642,2455.2036621451575
15,1740.0,29.0,0.48333333333333334,33.06035795038917,33.19230568948556,0.0009095282727463643,172.63079733628732,172.7284394059807,172.4519848678032,1.0010368826350198,0.001036882635019815,505.2428117199864,493.3135380871701,175.94664545563165,178.56851731127315,2.871568312152863,2.7626008521269547,2713342.4414002933,76724085970.09128,73624922964.11696,38764292.92217488,13499345.552087054,20553.29111168142,7150.70017511873,2511.9569316585016
15,1800.0,30.0,0.5,33.005786254024386,32.89034127332777,0.0009095282727463643,171.201382667881,171.2443318663899,171.0273011417038,1.0010178581139686,0.0010178581139685065,510.88086457750967,510.36241141321295,177.64348234977717,184.66155191122954,2.8758773348722886,2.7637719174945214,2677471.5768673136,76885811593.02371,74372493801.28218,39279489.900387466,13658263.3146736,21076.591879373704,7322.401636789158,2568.0877947456306
15,1860.0,31.0,0.5166666666666667,32.951214557659604,32.9525163486139,0.0009095282727463643,169.7867852852985,169.67836645046017,169.6172414138157,1.0009995674382486,0.0009995674382485963,516.3733408350971,508.28444160077345,179.29667666909864,181.98952173751684,2.879993932001824,2.792932454286413,2642028.7739531104,77045398726.834,89573988322.11067,39784189.936547406,13813983.94436694,21594.80623924511,7492.323244306578,2623.606294220805
15,1920.0,32.0,0.5333333333333333,32.89664286129482,32.80597129481725,0.0009095282727463643,168.38685583416122,168.77043061480958,168.22166430554344,1.000981987244626,0.0009819872446258928,521.725626447737,511.33492660958206,180.9078780978579,181.57564658090294,2.8839298317651028,2.8160986136527475,2607141.9616702097,77202876608.17923,72871580362.35011,40278719.16196965,13966608.590236451,22107.96260946908,7660.482938136882,2678.520801178188
15,1980.0,33.0,0.55,32.84207116493005,33.0254412706094,0.0009095282727463643,167.0014425345845,167.17101289375628,166.84042989371073,1.0009650696835075,0.0009650696835074134,526.9435220411857,526.7188280554683,182.47888529132067,193.42515380959333,2.8876958624552107,2.723114433058523,2572787.455971926,77358274719.3696,75296400977.01067,40763441.73965423,14116251.738850316,22616.086757454013,7826.898950098051,2732.8401900257377
15,2040.0,34.0,0.5666666666666667,32.787499468565265,32.914907554691624,0.0009095282727463643,165.63039250057577,165.38996229899374,165.4733996975492,1.000948749486706,0.0009487494867060471,532.0331095130024,523.4418913171877,184.01160011573384,185.37288577142257,2.891302011277446,2.823724133866197,2538827.0688843876,77511622618.84879,81328882191.15767,41238749.60530449,14263037.705661273,23119.202276139644,7991.589644873873,2786.5736802161196
15,2100.0,35.0,0.5833333333333334,32.73292777220048,32.783779913622666,0.0009095282727463643,164.27356245470716,164.23908916211195,164.12043666580476,1.0009330086612809,0.0009330086612809076,536.998761570643,557.0494518393645,185.50734770996092,188.02090787534195,2.894757367833406,2.9626995111027163,2505355.571203063,77662947927.52908,75711113055.67833,41704906.85700845,14407047.485372728,23617.34184560871,8154.572232966199,2839.728747221044
15,2160.0,36.0,0.6,32.6783560758357,32.623497582483,0.0009095282727463643,162.93080815514134,163.1103265507203,162.78140516398167,1.0009178136225643,0.0009178136225643012,541.8452203455116,527.6695560418389,186.96758557711863,186.27051619380956,2.8980703723213903,2.8328130872457167,2472368.5802006708,77812278335.37231,74742033872.53162,42162211.10021609,14548373.808619296,24110.53527825783,8315.864040721854,2892.313272669892
15,2220.0,37.0,0.6166666666666667,32.62378437947092,32.67540474334556,0.0009095282727463643,161.60198506881474,162.23583155102196,161.4561709617155,1.0009031188230881,0.0009031188230880987,546.5776024838896,522.6285579413075,188.39390433250676,185.37389880800293,2.901248872252282,2.819321173595258,2439782.167881329,77959641500.63763,80693501627.24779,42610993.94192205,14687121.24266765,24598.80911635917,8475.482429469792,2944.335530062423
15,2280.0,38.0,0.6333333333333333,32.56921268310614,32.605622845065916,0.0009095282727463643,160.28695491959317,160.47111036907174,160.14460122027373,1.0008889072640272,0.0008889072640272167,551.199701322703,524.9210258625427,189.78745095284293,188.1528781184133,2.904300039625177,2.7898644501849486,2407652.6064485093,78105063723.69836,78182666789.6815,43051487.79629323,14823360.950630074,25082.197631413437,8633.444008955867,2995.8024742692237
15,2340.0,39.0,0.65,32.514640986741355,32.54023930825377,0.0009095282727463643,158.98557974655228,159.01193914269987,158.84656448020257,1.0008751543780918,0.0008751543780918709,555.7154845459269,547.6688451237617,191.14943658870524,191.49795069098218,2.9072305650665116,2.859920135686089,2375983.704158028,78248571125.32336,80542925772.64496,43483942.61793549,14957170.284476789,25560.733220977323,8789.765351062882,3046.721249479716
15,2400.0,40.0,0.6666666666666666,32.46006929037657,32.473885798073184,0.0009095282727463643,157.69772111985807,158.75479702550572,157.56193064907993,1.0008618228414614,0.0008618228414614831,560.1291480194122,573.2053321171161,192.48115270974864,196.2355985481138,2.910046724751577,2.921005853973918,2344699.081488902,78390189734.58415,73486613699.3853,43908630.18911269,15088634.081248663,26034.44615865007,8944.463083999124,3097.0992692591544
15,2460.0,41.0,0.6833333333333333,32.40549759401179,32.27888894152585,0.0009095282727463643,156.4232459282232,156.36598409886125,156.29057098942016,1.0008488991879876,0.0008488991879875867,564.4440302412569,539.064244709761,193.78360792446134,190.48461925650278,2.9127542638244326,2.8299620558018277,2313841.87672066,78529944511.12543,72423713881.59802,44325758.3744819,15217815.977473635,26503.371389790685,9097.553197108418,3146.9430468516744
15,2520.0,42.0,0.7,32.350925897647016,32.347350798175114,0.0009095282727463643,155.16202147538064,155.7152028142225,155.03235810669258,1.0008363632616541,0.0008363632616542095,568.6635358643687,571.7316940697306,195.05783630419262,193.53866417657193,2.9153585758920144,2.9540954852727523,2283410.194821948,78667860176.0842,80458960473.1256,44735543.5266158,15344782.592627745,26967.54276358483,9249.051629882302,3196.2591850101003
15,2580.0,43.0,0.7166666666666667,32.296354201282234,32.188485108125484,0.0009095282727463643,153.91391412889388,153.93326311813328,153.78716593747242,1.0008241792522075,0.000824179252207493,572.7913754209425,581.7016003913033,196.3049753731068,200.14003103005214,2.9178647883593745,2.906473019902538,2253308.525799246,78803961451.08006,79590610273.00017,45138229.46818308,15469609.711957531,27426.991403324424,9398.974434265096,3245.0546439067643
15,2640.0,44.0,0.7333333333333333,32.24178250491745,32.29737980177357,0.0009095282727463643,152.6787965599333,152.58982193151698,152.55486973771815,1.0008123426176312,0.0008123426176312971,576.8302533013806,594.4119416368799,197.5258335329963,199.96130036991968,2.920277530204788,2.9726349075408276,2223604.585791935,78938271803.17622,72052999336.89511,45533983.31939937,15592347.935576603,27881.754336024354,9547.33690501111,3293.3352933396286
15,2700.0,45.0,0.75,32.18721080855267,32.18613523341802,0.0009095282727463643,151.4565417541499,151.55337429111685,151.3353460711739,1.0008008418794576,0.0008008418794576207,580.7829598730374,558.4080310717984,198.72125003476597,199.67994925259708,2.9226011801527534,2.796515289401475,2194321.7968065273,79070814483.11418,72822356136.76535,45922981.67507488,15713051.095351527,28331.867353546684,9694.154299099206,3341.1071104240273
15,2760.0,46.0,0.7666666666666667,32.13263911218789,32.130761629795074,0.0009095282727463643,150.24702463185082,150.82882730605144,150.12847279790066,1.0007896692195741,0.0007896692195740627,584.652079418823,594.5534069958547,199.89199864664332,203.48376563226344,2.924839830394285,2.9218714581404672,2165497.621311778,79201612244.45099,79957720720.51266,46305387.29204158,15831768.567579767,28777.36694380583,9839.441641117115,3388.3758555936834
15,2820.0,47.0,0.7833333333333333,32.07806741582311,32.11649837179912,0.0009095282727463643,149.05011690977946,149.3203643268714,148.93412906292733,1.0007787862163087,0.0007787862163086115,588.4408289290151,581.5469941633597,201.03906273314524,205.85833705940547,2.9269974746654004,2.824986359408607,2136996.175977927,79330688795.03534,74350510228.39478,46681416.27406033,15948567.321328733,29218.28511674376,9983.214340465027,3435.1479991291912
15,2880.0,48.0,0.8,32.023495719458325,32.061149603103615,0.0009095282727463643,147.86569563680607,147.81320366796263,147.7521952850288,1.0007681804764952,0.0007681804764952721,592.151666953014,598.6097800027846,202.16317892005617,200.54444393584237,2.9290777386676123,2.984923283111699,2108818.9464548957,79458066385.79295,79484741661.33568,47051226.463210545,16063495.291392762,29654.657999500294,10125.487166047415,3481.4291819945206
15,2940.0,49.0,0.8166666666666667,31.96892402309354,31.935203374740333,0.0009095282727463643,146.693640913444,146.2562608065904,146.58255314562808,1.0007578512273938,0.0007578512273937034,595.7866707057203,593.8060077958846,203.26496073938682,195.19850319261676,2.9310839828887154,3.042062301112691,2081026.576182333,79583766454.93176,83317684303.75244,47414947.25840538,16176591.163954236,30086.523540038183,10266.274520205021,3527.2246270559185
15,3000.0,50.0,0.8333333333333334,31.914352326728757,31.957715740082378,0.0009095282727463643,145.53383326474332,145.2111355856185,145.4250855778199,1.000747791802847,0.0007477918028469372,599.3479653296524,592.5212177960406,204.34503938821047,206.03333694787813,2.9330194024970853,2.8758511926928376,2053643.1384674702,79707810370.06306,78231356079.51009,47772713.96617907,16287895.64961855,30513.91886173009,10405.590754283181,3572.5396128041234
15,3060.0,51.0,0.85,31.859780630363975,31.88213017707117,0.0009095282727463643,144.38615357981448,144.3632683768599,144.2796767555134,1.0007379890688382,0.0007379890688381386,602.8377837106225,596.9224129581137,205.4040835222055,201.09886891888368,2.934887044957175,2.9683031842356686,2026653.2287873165,79830219489.77591,82435682653.42354,48124672.59034905,16397453.071673928,30936.879746078703,10543.450175896252,3617.3795313731634
15,3120.0,52.0,0.8666666666666667,31.805208933999193,31.79228101680413,0.0009095282727463643,143.25048090561222,143.38609276998264,143.14621208270734,1.0007284078383063,0.0007284078383061946,606.2589047209563,599.5305561105965,206.44294331466077,210.32965826536605,2.9366898910993298,2.850432797043717,1999916.736700843,79951015860.5984,80863365800.4732,48471015.306974195,16505323.03525906,31355.43765474767,10679.867313938565,3661.7503644504804
15,3180.0,53.0,0.8833333333333333,31.75063723763441,31.597556282287687,0.0009095282727463643,142.12670166799998,142.27317820753356,142.02457818286803,1.0007190550145515,0.0007190550145515139,609.6128200734685,619.1543359651708,207.4620476813836,206.72348382304196,2.9384305557886936,2.995084663410448,1973521.2586701273,80070219303.98938,78651684242.13307,48811832.193806045,16611531.655103087,31769.632176231815,10814.855810949044,3705.656694170859
15,3240.0,54.0,0.9,31.69606554126963,31.772681743766768,0.0009095282727463643,141.01470152380028,141.38880422761957,140.91466288844904,1.0007099235331558,0.0007099235331558955,612.9013591405211,608.2556871248663,208.46193848390078,203.92610969273298,2.940111579111381,2.982725890477485,1947474.6111994747,80187849990.34116,76744381487.49963,49147242.24563632,16716114.651842762,32179.50002768629,10948.429401843905,3749.103460737377
15,3300.0,55.0,0.9166666666666666,31.641493844904847,31.6657080840666,0.0009095282727463643,139.91436763009804,139.43505257129547,139.8163552305158,1.0007010081146848,0.000701008114684808,616.1262380110845,610.0628708870645,209.44312222658698,212.3137395136044,2.9417353573660234,2.8734026930366117,1921791.5041658382,80303927722.08841,74443258640.92679,49477356.884924375,16819105.34917237,32585.07811805136,11080.601641327656,3792.095472902532
15,3360.0,56.0,0.9333333333333333,31.586922148540065,31.49232592752399,0.0009095282727463643,138.825586163094,138.8571447766669,138.7295454284903,1.000692287531881,0.000692287531881199,619.2897231449559,613.1157007150422,210.40628654635654,203.2847956730084,2.943304277215664,3.0160430773251874,1896396.6081984811,80418472950.30316,72036313119.46613,49802333.849133365,16920552.26320191,32986.398640349886,11211.386201928744,3834.6380961015716
15,3420.0,57.0,0.95,31.532350452175283,31.54556865934638,0.0009095282727463643,137.7482470002837,137.97877328316306,137.65412488002832,1.000683758080896,0.0006837580808959361,622.3933799478181,622.1047855768973,211.3518919074538,213.2175119148494,2.9448204808138176,2.9177002394875573,1871308.2448497452,80531504856.27538,76514206257.77518,50122275.499781355,17020485.909528103,33383.498333027,11340.796311575627,3876.7359538740775
15,3480.0,58.0,0.9666666666666667,31.4777787558105,31.42128449660433,0.0009095282727463643,136.6822413669109,137.02071211225893,136.58998615099586,1.0006754171262089,0.0006754171262089902,625.4387048164755,621.0456770453761,212.28037777849386,201.7465112311574,2.9462859985537424,3.0783465511024053,1846548.2437436474,80643042315.82668,82305961210.36491,50437279.938470855,17118935.488010753,33776.41382463984,11468.845036305094,3918.3935806081254
15,3540.0,59.0,0.9833333333333333,31.42320705944572,31.488747297491454,0.0009095282727463643,135.6274615254224,135.70652718785905,135.53702296557876,1.000667260928895,0.0006672609288947982,628.4272086289428,627.716011618893,213.1921898460902,211.81984873702106,2.947702770362381,2.963442828241352,1822130.1980228513,80753104026.54935,72277193024.06519,50747447.75152704,17215931.08428918,34165.181019600575,11595.545317564969,3959.6155076683162
15,3600.0,60.0,1.0,31.368635363080937,31.383639963746866,0.0009095282727463643,134.5838001358265,135.0883205194472,134.49513019649999,1.0006592799248342,0.0006592799248341489,631.3604585836628,635.6208428229123,214.08779288202965,215.6378240308897,2.949072668200031,2.947631500547236,1798033.8890423873,80861708636.696,82656552546.12502,51052885.44672291,17311504.7307,34549.83495723571,11720.910049047963,4000.4063236127554
15,3660.0,61.0,1.0166666666666666,31.314063666716155,31.48741115009495,0.0009095282727463643,133.55114991220904,133.30367059716065,133.46420385535941,1.0006514560034678,0.0006514560034678175,634.2401254164554,646.4527566704069,214.96768587095613,219.24257145317026,2.9503975113598524,2.94857313698534,1774190.818934001,80968874840.31293,80581524451.50432,51353709.33354935,17405691.651997153,34930.4095173046,11844.952117950963,4040.770729334773
15,3720.0,62.0,1.0333333333333334,31.259491970351373,31.159196795662652,0.0009095282727463643,132.5294076468685,132.4641198204413,132.44414108309368,1.0006437926440348,0.0006437926440348449,637.0674311634755,623.1264842297156,215.83222485936477,214.80741367428334,2.951678932923874,2.900861164757444,1750648.5465017979,81074620262.69086,75326992832.27673,51650000.06330672,17498515.670924705,35306.940870043785,11967.683921595473,4080.7128920414784
15,3780.0,63.0,1.05,31.20492027398659,31.124811465753595,0.0009095282727463643,131.51847029277127,131.87438882560267,131.4348401405395,1.0006362860269191,0.0006362860269190368,639.8436892543358,623.8745123200767,216.68179617638103,216.2600809653125,2.9529185217455782,2.884834360254144,1727413.143589521,81178962545.39236,78740433762.6354,51941846.8848834,17590003.416070778,35679.46411750651,12089.117838003545,4120.237074163562
15,3840.0,64.0,1.0666666666666667,31.15034857762181,31.303319597388708,0.0009095282727463643,130.51823609691746,131.10815235207343,130.43620039912912,1.0006289335133753,0.0006289335133752471,642.5701492178941,640.2365784235166,217.51676660619302,225.80494257749316,2.954117787072692,2.835352367027113,1704495.543129618,81281919032.34776,87603798226.66522,52229334.84133249,17680180.211462665,36048.014265240374,12209.266089757755,4159.347451408475
15,3900.0,65.0,1.0833333333333333,31.095776881257027,30.935361145805885,0.0009095282727463643,129.52860130201253,129.45795817526388,129.44812233167977,1.0006217082865563,0.0006217082865563302,645.2484594135875,654.9347302773677,218.337629891315,222.14926303648073,2.9552782987283592,2.9481742200054755,1681774.4354813094,81383507706.10434,73597149152.9503,52512582.96903765,17769082.184792392,36412.623169431965,12328.141140196789,4198.048656257919
15,3960.0,66.0,1.1,31.041205184892245,31.116587667435194,0.0009095282727463643,128.54946783043542,128.81849793881875,128.4705075033274,1.000614618317017,0.0006146183170169366,647.8795900027412,668.2465476731145,219.14466569937696,212.3335696495535,2.956401370460477,3.147154492697616,1659315.8984791029,81483745006.68858,80751023324.09073,52791655.30682131,17856728.059424046,36773.32664900779,12445.754770416259,4236.344511805991
15,4020.0,67.0,1.1166666666666667,30.986633488527463,31.015063352329122,0.0009095282727463643,127.58073759890516,127.63904218644049,127.50325856255057,1.0006076631862437,0.0006076631862438189,650.4646318987018,655.2591952534573,219.93819258397264,220.23419006685717,2.9574883027664858,2.975283697115957,1637139.1139696077,81582647445.42017,90185923203.50081,53066626.739906795,17943140.025361165,37130.159223422634,12562.118762191667,4274.238968586665
15,4080.0,68.0,1.1333333333333333,30.93206179216268,30.916439524979275,0.0009095282727463643,126.62231353626424,126.84358154485406,126.5462792323131,1.0006008418770778,0.0006008418770777402,653.0046542869401,660.6667152824522,220.71852286013635,224.35729760974678,2.9585403428090733,2.9447079382799215,1615258.7452989025,81680231316.00839,79029508605.79779,53337571.21258736,18028340.002943624,37483.155054696326,12677.244775722109,4311.735936863724
15,4140.0,69.0,1.15,30.8774900957979,30.65225476764061,0.0009095282727463643,125.67409982497591,125.48725512606651,125.59947430133644,1.00059415474511,0.000594154745110066,655.5006714032248,645.4242765511373,221.48595207455926,220.48698111697345,2.9595586774847114,2.9272670580433258,1593695.6071819272,81776512626.0018,84496303516.02351,53604558.93135847,18112348.756307226,37832.34817093775,12791.144320621606,4348.839246836944
15,4200.0,70.0,1.1666666666666667,30.822918399433117,30.670202028054984,0.0009095282727463643,124.73600190112411,124.36267717508862,124.66274961546652,1.0005876036416936,0.0005876036416936223,657.9536431549468,653.2801759716212,222.2407591920033,222.98375107614947,2.9605444363448763,2.929720990066781,1572477.30117633,81871507096.78824,84610726428.71298,53867656.364917904,18195185.893383704,38177.7724663449,12903.82875591912,4385.552648642093
15,4260.0,71.0,1.1833333333333333,30.768346703068335,30.96319974077536,0.0009095282727463643,123.8079238177039,123.32822599639951,123.73601206916105,1.0005811707306573,0.000581170730657225,660.3647515076103,673.635771552525,222.983293690856,224.38579125289715,2.9614987767789454,3.0021320324747935,1551525.108117437,81965231046.30304,89790400110.17528,54126949.43215578,18276877.186836656,38519.46021208702,13015.309606780407,4421.880153772128
15,4320.0,72.0,1.2,30.713775006703553,30.775517977825256,0.0009095282727463643,122.88976874856515,123.28543993108876,122.81916959710169,1.0005748219247455,0.0005748219247455387,662.735346732577,663.2501409961435,223.71395861494756,230.10764125962726,2.962422867288604,2.8823473108735556,1530673.6337702165,82057701220.3205,84626862202.02647,54382539.07032731,18357453.17484051,38857.44234091381,13125.598503974252,4457.825969822739
15,4380.0,73.0,1.2166666666666666,30.65920331033877,30.69548019279503,0.0009095282727463643,121.9814483207782,122.38982301267697,121.91213116589607,1.0005685829147537,0.0005685829147535994,665.0659729111001,643.6493405231913,224.43290344710508,218.44939022331684,2.963317600477617,2.946446038898073,1510075.8009220278,82148931668.19797,80996475070.80792,54634459.16351756,18436923.249371506,39191.753717736385,13234.706062867577,4493.393292066698
15,4440.0,74.0,1.2333333333333334,30.604631613973993,30.61836807503763,0.0009095282727463643,121.08287190237927,120.91152833570314,121.01480676591693,1.000562452961595,0.0005624529615950052,667.3574894298933,694.2449299074535,225.14037754581392,221.6638794543188,2.9641839313967235,3.1319713956848156,1489742.2134173168,82238937329.08604,81324951825.79047,54882770.7493212,18515305.399236962,39522.4270897351,13342.643170182764,4528.585690558022
15,4500.0,75.0,1.25,30.55005991760921,30.596587342815837,0.0009095282727463643,120.19395002238598,119.42267599219899,120.12710740323983,1.0005564324371998,0.0005564324371997722,669.6107132927582,670.969727855163,225.83661741031023,223.25981845878087,2.9650227716445956,3.005331333184077,1469688.4789556335,82327732886.98808,81657713757.72472,55127531.94223175,18592616.714256942,39849.495017860114,13449.420573184962,4563.406667282355
15,4560.0,76.0,1.2666666666666666,30.49548822124443,30.677366637962113,0.0009095282727463643,119.31459437079742,119.4190876403151,119.24894509169255,1.0005505229338036,0.0005505229338036993,671.8264195771789,672.4156521798103,226.521846816928,227.25520374224402,2.9658349912719024,2.958857007923451,1449935.7429850951,82415332770.76013,73495705880.76248,55368797.93364151,18668873.38526427,40172.989876831365,13555.048879682086,4597.859656156966
15,4620.0,77.0,1.2833333333333334,30.440916524879647,30.626928433108382,0.0009095282727463643,118.4447177985941,118.34795069730934,118.38023284503403,1.0005447273755956,0.0005447273755955748,674.0053418741375,683.1323122631018,227.19627695042578,228.80489930828503,2.9666214205666996,2.9856542160081516,1430511.21920772,82501751154.11098,83674258123.5017,55606620.991841584,18744090.70410451,40492.94385513858,13659.538558024828,4631.9480230307545
15,4680.0,78.0,1.3,30.386344828514865,30.23046979874616,0.0009095282727463643,117.58422848842326,117.46248451964293,117.5208846692152,1.0005390005307258,0.0005390005307256725,676.1488778782523,680.979399645564,227.8603286726935,229.39469793437956,2.9673830535437173,2.968592586391706,1411189.0464042826,82587004230.50847,83843297267.98782,55841110.23778477,18818301.928056788,40809.3847672519,13762.900637324628,4665.675907161882
15,4740.0,79.0,1.3166666666666667,30.331773132150083,30.460896762001735,0.0009095282727463643,116.7330425968354,116.85436896362802,116.67081555479123,1.0005333556789526,0.000533355678952528,678.2575582815736,678.7987834060315,228.514150186324,225.8237145983776,2.9681206075358637,3.0058790973891285,1392050.8687154169,82671105279.51143,84263951554.40479,56072302.00732033,18891517.367911678,41122.34513582557,13865.145188866714,4699.046396276108
15,4800.0,80.0,1.3333333333333333,30.2772014357853,30.19850710190275,0.0009095282727463643,115.89107651953239,116.06478701253529,115.82994146941004,1.000527800060561,0.0005278000605611195,680.331985372228,671.8795608476076,229.15791270533583,224.91580212160957,2.9688347975443343,2.9872492484291056,1373145.389214858,82754067685.27805,86274050355.49779,56300239.16595295,18963749.4186344,41431.85663503943,13966.282255209417,4732.0626430995235
15,4860.0,81.0,1.35,30.22262973942052,30.23608696082388,0.0009095282727463643,115.05824676541377,114.99930723945604,114.99817935043603,1.00052233361708,0.0005223336170800851,682.3728479837288,697.8211492323228,229.79181515852417,233.83470493782806,2.96952634067052,2.984249705012177,1354482.3269017332,82835904985.71988,86290615704.54662,56524972.400415234,19035012.966967613,41737.950000113495,14066.321865313756,4764.727883540327
15,4920.0,82.0,1.3666666666666667,30.168058043055737,30.20934300053583,0.0009095282727463643,114.23447092313985,114.05990274370885,114.17544709767894,1.0005169572527306,0.0005169572527306686,684.38080477017,680.4252063178543,230.41604741271811,224.0273572902806,2.970195923655944,3.0372415875807612,1336075.7427206193,82916630495.29771,77206550956.78177,56746550.307202674,19105322.263507348,42040.65572168848,14165.273918439752,4797.045297162766
15,4980.0,83.0,1.3833333333333333,30.113486346690955,30.029490319689362,0.0009095282727463643,113.41966766113173,113.01824697316866,113.3616635662322,1.0005116729331132,0.0005116729331132406,686.3564845245983,693.239059959774,231.03079036725254,235.8899232411055,2.9708442040714496,2.9388243907782665,1317944.4902114964,82996257305.02168,80041500562.7338,56965019.39257369,19174690.922703017,42340.00404582586,14263.148184146436,4829.018007187144
15,5040.0,84.0,1.4,30.058914650326173,30.207957899637147,0.0009095282727463643,112.61375539167906,113.0904387050792,112.5567485594306,1.0005064719173045,0.0005064719173045555,688.300625278308,668.0332102440735,231.63625954479804,235.51153982396508,2.9714718525973773,2.8365200734681624,1300051.746119622,83074798741.44234,81906600294.40518,57180435.91860435,19243135.6429046,42636.024214967314,14359.954462759366,4860.649253118926
15,5100.0,85.0,1.4166666666666667,30.00434295396139,30.240396595486104,0.0009095282727463643,111.81665095416287,111.55242481246528,111.76062282191607,1.0005013226557986,0.0005013226557986517,690.2142105661516,703.8334506260106,232.2327477942636,230.09432731684046,2.9720795930882953,3.058890928922512,1282244.0996548368,83152268819.07417,86367402368.18344,57392877.57974171,19310679.873180863,42928.74371975523,14455.702743542093,4891.942560907755
15,5160.0,86.0,1.4333333333333333,29.94977125759661,30.00597681690198,0.0009095282727463643,111.02827820769339,111.31644583773844,110.97320803281427,1.0004962474804084,0.0004962474804083866,692.0975774227056,683.2589659040009,232.82034571760502,243.26527530511058,2.972667939691886,2.808699125047901,1264644.5116341526,83228679288.10313,85077865280.88632,57602367.30738749,19377329.885475844,43218.19318128296,14550.402172547436,4922.900632573818
15,5220.0,87.0,1.45,29.89519956123183,29.99750868459337,0.0009095282727463643,110.24855939762902,110.089357729187,110.19442679902923,1.0004912462469497,0.000491246246949667,693.9513140386065,702.8735055982286,233.39922300507644,234.4014814209041,2.9732374645630806,2.9985881545522766,1247259.6973403979,83304042600.71223,85488981139.47955,57808949.827492304,19443098.816188022,43504.40144563783,14644.062089672285,4953.526461859392
15,5280.0,88.0,1.4666666666666666,29.84062786486705,29.907300151756584,0.0009095282727463643,109.47741778508261,108.78282243566605,109.4242026486507,1.0004863196179987,0.00048631961799868047,695.775986533024,684.4955184259708,233.9695427969317,234.81486668610478,2.973788717178912,2.9150433619732814,1230099.9859171899,83378371007.62529,91748046882.50235,58012668.343346976,19507999.343807034,43787.397077960166,14736.691712800983,4983.822994433946
15,5340.0,89.0,1.4833333333333334,29.786056168502267,29.72741538880021,0.0009095282727463643,108.71477764692149,108.55164709454829,108.66246002446896,1.0004814691517268,0.0004814691517268549,697.5721391894245,695.925934667627,234.5314617530274,233.55188714168506,2.9743222251520383,2.9797487110238636,1213179.708988247,83451676558.10696,91620845531.106,58213564.53558263,19572043.688913677,44067.20836244327,14828.300137805321,5013.793127894143
15,5400.0,90.0,1.5,29.731484472137485,29.68720722169486,0.0009095282727463643,107.96056427576745,108.02672653244635,107.9091242776091,1.0004766973923913,0.0004766973923912351,699.3402946833385,712.4879619711046,235.0851301200723,232.79935214597495,2.9748384950002698,3.060523817627915,1196517.5846949553,83523971099.9628,79465309348.48276,58411678.56217063,19635243.614179913,44343.86330233346,14918.896338544546,5043.43971176384
15,5460.0,91.0,1.5166666666666666,29.676495917005955,29.618729171630566,0.0009095282727463643,107.21092972123407,107.66527976701774,107.15846266538747,1.0004896212071503,0.0004896212071502442,701.0893803230931,696.0852468506121,235.63311458207835,238.7470609257017,2.975343179444678,2.915576192442572,1269893.7100009434,83595721223.55171,79688383130.40897,58608072.390281916,19697920.15764064,44618.80895881879,15008.94253128129,5072.909947829079
15,5520.0,92.0,1.5333333333333334,29.60525318943089,29.62918380676044,0.0011932641180852947,106.25675061383002,106.62827088629844,106.19837194192576,1.0005497134356842,0.0005497134356842036,703.2761091347003,722.1102369709214,236.30607718137145,239.35608873756584,2.976123667758728,3.0168868516340757,1612959.7680214972,83692347203.03804,88033946250.52243,58858828.30530301,19777010.257651243,44970.826841095106,15123.55864027877,5110.190226311947
15,5580.0,93.0,1.55,29.53372458329057,29.53186518969038,0.0011932641180852947,105.30570624711218,105.28827553755714,105.24842964457561,1.0005442038682193,0.0005442038682192077,705.4422880169802,685.6748185158822,236.97298069916675,238.9052802830449,2.9768891201673635,2.8700697519264686,1592730.5249470908,83788541204.68785,95957025091.06139,59107980.21704002,19855620.357709832,45321.67976326363,15237.79820384848,5147.349627357144
15,5640.0,94.0,1.5666666666666667,29.462119057134466,29.309877687073236,0.0011932641180852947,104.36735755009211,104.315582678719,104.31135827248313,1.0005368473628988,0.0005368473628988117,707.5677381916491,708.5911887198139,237.62807371680103,236.72627722866787,2.9776268734767006,2.9932933386830727,1561425.8751954515,83883135718.27121,87447726314.77475,59353000.6126003,19932987.958057776,45667.76141321756,15350.51276204909,5184.023472426826
15,5700.0,95.0,1.5833333333333333,29.39051016630756,29.275065339894006,0.0011932641180852947,103.44277513044338,103.41538463587827,103.38798677666418,1.0005299295932473,0.0005299295932471732,709.6509165945943,678.6625250503148,238.27091413940997,234.9990491500552,2.978336315860124,2.8879373235972743,1532451.9907794208,83976007321.56819,84707461374.06451,59593650.56770522,20009040.030287836,46008.66714090844,15461.573713358246,5220.170958616178
15,5760.0,96.0,1.6,29.318909668020094,29.225439377361795,0.0011932641180852947,102.53192495233816,102.76925737551649,102.47831085028491,1.000523175114894,0.000523175114894045,711.6924480026094,712.9994177550375,238.90167639731519,247.17084304487983,2.9790182251337582,2.88464209197027,1504205.1936828538,84067166639.74547,79370697844.31618,59829967.62248375,20083787.040207643,46344.40984560168,15570.985146163679,5255.793339395493
15,5820.0,97.0,1.6166666666666667,29.24731253166068,29.048649973539643,0.0011932641180852947,101.63459899436788,101.79093940741551,101.58211134482187,1.0005167016992573,0.0005167016992572551,713.6934108257403,718.9890781337839,239.5206664949292,243.64922670911955,2.979673617603472,2.9509187771490386,1477367.9129987604,84156645249.79465,82565649847.36362,60062043.19197778,20157255.76020813,46675.06742653397,15678.77204802197,5290.898564768637
15,5880.0,98.0,1.6333333333333333,29.175716495821053,29.28080728961701,0.0011932641180852947,100.75058579718784,100.63075868671466,100.69920935270196,1.0005101970990253,0.0005101970990252235,715.6549263579918,708.4772631280713,240.12820112142433,232.56147850341492,2.980303533761578,3.046408492443722,1450161.2204833564,84244476322.11713,83970728620.48792,60289974.498372324,20229474.55364641,47000.71919664154,15784.959819455007,5325.494697780269
15,5940.0,99.0,1.65,29.104123631893785,29.243906981219826,0.0011932641180852947,99.87978698176846,99.85299530307913,99.82948240792321,1.0005039049850994,0.0005039049850994743,717.5776875211578,715.9053844132384,240.72447612965163,240.46147465749243,2.980908709651436,2.977214480751883,1423987.0023998953,84330676789.48927,74453399856.31032,60513812.037695885,20300457.991808776,47321.40244952583,15889.560277763641,5359.585443638363
15,6000.0,100.0,1.6666666666666667,29.032532993836224,29.024224355058614,0.0011932641180852947,99.02204098426215,98.99707427560094,98.9727732141224,1.0004977911453805,0.0004977911453805732,719.4626057903524,718.8741717506254,241.30974920056113,241.28489303312426,2.9814900068226478,2.979358395438111,1398653.2261075198,84415272446.80598,84811375695.46231,60733631.88308157,20370228.22283579,47637.17787529815,15992.592830016652,5393.176951521725
15,6060.0,101.0,1.6833333333333333,28.960941745839712,29.018529991578394,0.0011932641180852947,98.17715538671786,97.68471972397808,98.12890555092224,1.0004916985013206,0.000491698501320568,721.3106870651991,725.1852802574608,241.88430492968902,244.24068182024484,2.9820483279180507,2.969142056322867,1373285.3199152,84498293223.7116,82941254227.00201,60949521.94103207,20438810.92416253,47948.117535736674,16094.080589481431,5426.2765701908165
15,6120.0,102.0,1.7,28.889348492939693,29.0144624628597,0.0011932641180852947,97.34496129576529,97.1181442419882,97.29772427892777,1.0004854894314084,0.00048548943140845814,723.1228467810113,717.3246800352075,242.44840198802405,249.8932440250042,2.9825845039668715,2.870524502708974,1347136.824550896,84579765897.32817,83940556880.90149,61161561.09574744,20506229.082328387,48254.28482234024,16194.04384364991,5458.890733790138
15,6180.0,103.0,1.7166666666666666,28.817752926095995,28.802139208047624,0.0011932641180852947,96.52531664089035,96.60739045974512,96.47908998212179,1.000479136554637,0.00047913655463714027,724.8998900415957,716.2029781979819,243.00226715411964,245.6638178021183,2.9830992876368576,2.9153783597667684,1320088.8673790437,84659713677.31581,87826799928.5447,61369817.1356392,20572502.360206373,48555.73336423289,16292.4996580493,5491.024821587369
15,6240.0,104.0,1.7333333333333334,28.746160660899594,28.61812248384868,0.0011932641180852947,95.71822569282709,95.59266699491603,95.672932055385,1.0004734216509208,0.00047342165092071546,726.6420656285692,714.1942913415598,243.54596657202714,242.43271586885916,2.9835931009502863,2.945948482167291,1296454.8055297674,84738140309.82771,82063669382.67422,61574297.31225674,20637632.287273046,48852.4635285705,16389.44751967852,5522.678457609608
15,6300.0,105.0,1.75,28.67456740265318,28.68309914433669,0.0011932641180852947,94.9234479334069,94.75618286253926,94.87906938392223,1.0004677380350886,0.00046773803508866037,728.3505316576599,751.4662222543061,244.07982888309056,253.35931615222222,2.984066872672733,2.966009830097637,1272884.3809660838,84815082098.1433,83947097528.08037,61775110.13877074,20701650.72522009,49144.5647752214,16484.916319608874,5553.860892828129
15,6360.0,106.0,1.7666666666666666,28.602972673489006,28.767896926196116,0.0011932641180852947,94.1408371219932,94.0620541481762,94.09736753215743,1.0004619639313599,0.00046196393135982696,730.0260839342722,727.0071695018067,244.60407808775727,240.24210822387047,2.984521311506338,3.0261438133249414,1248732.18304135,84890562806.55237,85292503602.71143,61972325.128643796,20764577.853647597,49432.09225105624,16578.923624283194,5584.577670511249
15,6420.0,107.0,1.7833333333333334,28.531375995539328,28.459083327373563,0.0011932641180852947,93.3702470179494,93.49292443813229,93.32769474444174,1.0004559447613506,0.0004559447613505629,731.6695101191202,727.1576228063138,245.1189357988959,246.30601679754818,2.9849571096351664,2.952252779939204,1223194.825505966,84964606199.34473,91473310319.54346,62166011.79533853,20826433.852155652,49715.101102945664,16671.48700014431,5614.834333927288
15,6480.0,108.0,1.8,28.459779549055032,28.494294769322398,0.0011932641180852947,92.6116277837402,92.68364700069806,92.56994983536431,1.0004502319429796,0.0004502319429795069,733.2810985458439,749.4707637326196,245.62448040672336,249.1123961606451,2.9853746553748315,3.00856470927809,1199253.925249417,85037221589.0356,84638567896.49203,62356187.26409437,20887223.368038267,49993.61206318363,16762.612433682953,5644.632580738812
15,6540.0,109.0,1.8166666666666667,28.38818364206525,28.350803516011887,0.0011932641180852947,91.86486168118016,91.3023678213165,91.82401315937989,1.0004448566382016,0.0004448566382017064,734.8614783021812,723.5144830866583,246.1208879767027,250.52943057651967,2.9857745287012847,2.887942072999978,1177054.391742202,85108428467.11652,81137955969.86024,62542905.55932069,20946961.9886284,50267.67010365911,16852.3140676241,5673.976817225927
15,6600.0,110.0,1.8333333333333333,28.316587311134814,28.353453050122855,0.0011932641180852947,91.1297848593556,91.26724689048369,91.08975426690455,1.0004394631731441,0.0004394631731440565,736.411506224134,734.4337624003571,246.60839982493232,245.51052375259408,2.9861574331892733,2.9914553200190346,1154704.6007134002,85178253237.83133,90363684155.65823,62726245.76441208,21005672.730864443,50537.33665786861,16940.611583759182,5702.873289146621
15,6660.0,111.0,1.85,28.24499055818997,28.29308476633466,0.0011932641180852947,90.40626847851932,90.51287084818135,90.36705531781199,1.0004339320404922,0.000433932040492246,737.9318536653366,724.5961206004655,247.0872040348937,250.6497285475524,2.9865239543571254,2.8908713558131685,1131596.7321720878,85246717056.9051,79345008892.51044,62906267.936686456,21063372.970744364,50802.66066080541,17027.520458334107,5731.326845632203
15,6720.0,112.0,1.8666666666666667,28.17339345922887,27.986193645561155,0.0011932641180852947,89.69419380914479,90.14845240879723,89.65580150293682,1.0004282188722244,0.0004282188722244573,739.4231198717205,726.954724030633,247.5574680255504,254.1115710063156,2.9868746266034867,2.860769862434031,1107531.2483243374,85313839408.55557,82343083878.66438,63083025.303709105,21120078.07152044,51063.68750283891,17113.05495315387,5759.341927250072
15,6780.0,113.0,1.8833333333333333,28.101796549088654,27.979946409281503,0.0011932641180852947,88.99350474953006,88.72767321436665,88.95588470620382,1.000422906741364,0.0004229067413638903,740.8854924027123,742.0125042794451,248.0192414938619,250.02913359354918,2.9872097339715804,2.967704177568647,1085536.2874621209,85379629422.83801,81323768091.12936,63256528.78610044,21175790.9284793,51320.44061714365,17197.221807161648,5786.920443715935
15,6840.0,114.0,1.9,28.0301997234118,28.03277734811492,0.0011932641180852947,88.30405795305084,88.65028025855406,88.26719266139709,1.0004176556491966,0.0004176556491965662,742.3197193535769,744.7831897721808,248.47273431932922,249.2264658411672,2.98752988486685,2.9883792126909725,1063844.7531846992,85444110653.8773,81113684102.2664,63426848.24100218,21230531.805652224,51572.97402479611,17280.038239171165,5814.067830398203
15,6900.0,115.0,1.9166666666666667,27.958603139077315,28.018865708448782,0.0011932641180852947,87.6257457297642,87.02316424593504,87.58961789672674,1.0004124670697851,0.00041246706978520704,743.7263119363757,759.6153307821126,248.9180886212942,246.85349975819133,2.9878355408227737,3.0771908501447376,1042468.8198113377,85507300760.73369,90273151923.13794,63594029.43841492,21284313.868527967,51821.3292457089,17361.5171849113,5840.788081743896
15,6960.0,116.0,1.9333333333333333,27.88700697137619,27.904304408344075,0.0011932641180852947,86.95846290281607,87.1386259061202,86.92305528254448,1.0004073444054227,0.0004073444054226073,745.1057599413706,733.5269794255271,249.35544035111164,256.6109803421333,2.988127144497848,2.8585175055546452,1021429.6157187836,85569216986.9823,88883121165.06972,63758116.45067348,21337149.782288793,52065.54691871048,17441.671278238402,5867.0850906436535
15,7020.0,117.0,1.95,27.815410421688917,27.876776324513013,0.0011932641180852947,86.30209529666708,86.17750247584307,86.26739299938976,1.000402264355868,0.00040226435586810657,746.4586561968506,760.733738109653,249.78495540894977,248.6012610587593,2.9884051862720993,3.0600558294426605,1000614.494168389,85629878332.50609,81548729152.00697,63919163.910382316,21389055.34095883,52305.670355318114,17520.51423393198,5892.963156590418
15,7080.0,118.0,1.9666666666666666,27.743813534144017,27.7650994650905,0.0011932641180852947,85.65654081185694,85.31887784215536,85.6225294907011,1.0003972239708188,0.0003972239708187825,747.785469013794,745.1366800834486,250.20676360706273,243.02735536736535,2.988670083228261,3.066060933581259,980014.4657125211,85689301577.56436,83982252590.18594,64077214.5696434,21440042.823471952,52541.73903379656,17598.058316191455,5918.426055386294
15,7140.0,119.0,1.9833333333333334,27.672216750739672,27.92303895265815,0.0011932641180852947,85.02170426404163,85.61084914311749,84.9883689109452,1.00039223429657,0.00039223429657019824,749.0865985044544,745.6886676435489,250.62097501593368,248.97154063896662,2.9889222099500246,2.995075926066873,959689.0889382906,85747502256.45183,80499897595.35243,64232304.79553853,21490122.62069293,52773.79019238689,17674.31495857167,5943.477266960438
15,7200.0,120.0,2.0,27.60062013089827,27.543367175230795,0.0011932641180852947,84.39748833017114,84.32815048053685,84.36481408780011,1.0003872970351955,0.0003872970351955648,750.3624744381545,752.6048850875983,251.02770836056163,249.3919066667031,2.9891619508408107,3.0177598589572847,939650.4152740662,85804496365.57828,84552716769.9581,64384474.210794955,21539306.089683253,53001.86162429076,17749.29585152909,5968.120375027556
15,7260.0,121.0,2.0166666666666666,27.529023737384858,27.491119202262954,0.0011932641180852947,83.78379802546723,83.71832392330701,83.75177007912552,1.0003824151574523,0.0003824151574522531,751.6135080853667,748.5873902724652,251.4270770459028,258.72407969163993,2.9893896747968216,2.89338120813752,919915.9341822212,85860299518.84904,86418291109.83157,64533760.92662245,21587604.14230995,53225.990295593074,17823.012404646674,5992.358869462843
15,7320.0,122.0,2.033333333333333,27.457427636307116,27.62104051060303,0.0011932641180852947,83.18054070342345,82.90372709032793,83.14914416736225,1.000377593015245,0.00037759301524498807,752.8400924104038,732.6188934736359,251.81918921288903,261.5223049912925,2.9896057356214802,2.801362941099914,900508.8584065944,85914926947.66507,83421078008.73044,64680201.54271326,21635027.24524561,53446.212345262,17895.475746633914,6016.196146301976
15,7380.0,123.0,2.05,27.38583189711538,27.267842547846577,0.0011932641180852947,82.58762605580513,83.12844025275967,82.55684585481333,1.0003728364458828,0.00037283644588275713,754.042602256448,759.3738905876465,252.20414779224222,250.05525602417094,2.989810472417783,3.036824350991621,881458.3425326771,85968393500.92282,89097294747.59091,64823831.147242166,21681585.419968374,53662.56308514894,17966.696725326805,6039.635507741117
15,7440.0,124.0,2.066666666666667,27.314236031514664,27.2321758863353,0.0011932641180852947,82.00495721791125,82.6944357805419,81.97478233812784,1.0003680995413804,0.0003680995413803209,755.2215787744716,754.4351329592752,252.58210309865228,242.87571860071577,2.990004317445646,3.1062600135814966,862549.7580447446,86020716513.25063,88165651775.20897,64964701.3324484,21727293.48696981,53875.0791987164,18036.68697612487,6062.680598340064
15,7500.0,125.0,2.0833333333333335,27.242640109856467,27.414015188629246,0.0011932641180852947,81.43244846635702,81.49623929693657,81.40286774055782,1.0003633867776436,0.0003633867776436368,756.3773625447177,766.8668990235716,252.95314820578173,259.1131849453516,2.9901875818101766,2.9595826981375266,843809.7997136053,86071910098.10406,82199706374.06819,65102844.349190004,21772160.631400436,54083.794366248425,18105.456796131384,6085.33453711266
15,7560.0,126.0,2.1,27.17104428730146,27.010798156787946,0.0011932641180852947,80.87001770749056,80.5668891198833,80.84101902940161,1.0003587124264033,0.0003587124264033187,757.5102498423224,777.6127225682878,253.31736351371904,258.0229278591904,2.990360547477029,3.0137349770430117,825309.2070299101,86121987569.9841,85318608375.03876,65238288.321056046,21816194.831789657,54288.74112167062,18173.016046445675,6107.60028589923
15,7620.0,127.0,2.1166666666666667,27.099448549207597,27.127712442818492,0.0011932641180852947,80.3175824411169,80.40606439097463,80.28915401357733,1.0003540755646119,0.0003540755646118642,758.6205763096441,748.0985351300689,253.67484060971478,258.5859647285595,2.990523516192137,2.8930361163079983,807046.7506559454,86170962745.99226,83096640830.39954,65371065.419521526,21859405.23977526,54489.95185029418,18239.37463700107,6129.480847307905
15,7680.0,128.0,2.1333333333333333,27.027852876561916,27.08530445160996,0.0011932641180852947,79.77506238303236,79.63322514263027,79.74719270471003,1.0003494753530138,0.00034947535301372944,759.7086627324767,746.7551878029909,254.02566680579298,251.04180817267752,2.9906767780016774,2.97462479751317,789021.4557538459,86218849100.1568,85789161926.92163,65501206.55221332,21901800.633895375,54687.4581405406,18304.54221154576,6150.979136104008
15,7740.0,129.0,2.15,26.956257245980538,26.833925667510112,0.0011932641180852947,79.24237946502456,79.36956121903572,79.21505732241101,1.000344910974467,0.0003449109744671276,760.7748151800465,750.5286753720563,254.36992517954562,257.3159139017683,2.9908206115288896,2.9167596515564704,771232.3195977198,86265659763.43262,83445758417.72023,65628741.36291022,21943389.41958849,54881.29078394166,18368.528147642795,6172.097979210057
15,7800.0,130.0,2.1666666666666665,26.884661629708674,26.91626377243142,0.0011932641180852947,78.71945783487233,78.56063212918896,78.6926723004943,1.0003403815577103,0.0003403815577103891,761.8193251394579,771.601048780954,254.70769461332847,257.05164218109945,2.9909552842366036,3.00173553545066,753677.9801164794,86311407523.70132,84491564629.31229,65753698.23154287,21984179.629193455,55071.479775139414,18431.341556670086,6192.840115705758
15,7860.0,131.0,2.183333333333333,26.813066110410837,26.775454024780203,0.0011932641180852947,78.20622404739531,78.00794155276685,78.17996510849902,1.0003358781096903,0.00033587810969023054,762.8426522506733,721.1395132353498,255.0391008988155,263.4698303460207,2.9910811697588455,2.737085731175602,736321.3645584676,86356107165.93076,80900276406.44913,65876121.82850199,22024183.928720735,55258.05317172118,18492.99126087153,6213.208274302596
15,7920.0,132.0,2.2,26.74147063725253,26.71927519774917,0.0011932641180852947,77.70260665849189,77.39776999139674,77.67686448544126,1.0003314007744926,0.0003314007744925858,763.8450360668336,770.0961617784453,255.36420816131616,258.5570477946862,2.991198498672551,2.978438098465449,719166.4055785077,86399770499.55826,86891278804.458,65996035.81340123,22063408.97893914,55441.0395169619,18553.48584212119,6233.2050087176995
15,7980.0,133.0,2.216666666666667,26.669875161533007,26.771566599152372,0.0011932641180852947,77.20853645087774,77.20983933849818,77.18330146189611,1.0003269488154,0.0003269488154001193,764.8267123401822,750.9064862782673,255.6830793510066,250.64217232421834,2.9913074978661904,2.995930330937811,702213.0047021924,86442409123.55458,86009387416.51439,66113463.57673322,22101861.35122998,55620.46649263854,18612.833614807576,6252.832789215543
15,8040.0,134.0,2.2333333333333334,26.598279656271586,26.61702031600897,0.0011932641180852947,76.72394646668394,76.76780289900451,76.69920949703433,1.0003225192255805,0.00032251922558036077,765.7879441976978,778.9200463778965,255.99578496184853,261.4576295478528,2.991408410540136,2.9791444515308587,685451.330455991,86484034825.71846,81667650579.34315,66228431.23510904,22139548.381877642,55796.36072448713,18671.042621917943,6272.094015827201
15,8100.0,135.0,2.25,26.526684091554948,26.573997847857147,0.0011932641180852947,76.24877196642663,76.62193727392251,76.22452431105991,1.0003181083199388,0.0003181083199387502,766.7289830038769,768.6880040740905,256.3023920876777,256.4217418053344,2.991501471205891,2.9977489375984696,668869.035030683,86524659080.09647,84026977624.05914,66340963.86123953,22176477.096799523,55968.74802706823,18728.12063996687,6290.991001711664
15,8160.0,136.0,2.2666666666666666,26.455088434537124,26.479078175226718,0.0011932641180852947,75.78295042900697,75.61316691036525,75.75918389703612,1.0003137115627216,0.0003137115627215669,767.6500684626254,763.7348077959484,256.60296445198327,252.22522568065787,2.9915869058725226,3.0279874098037776,652450.7080248828,86564293046.98302,83970259164.37442,66451085.48393529,22212654.211546045,56137.6534037669,18784.075178996256,6309.525973155835
15,8220.0,137.0,2.283333333333333,26.3834926494395,26.295805389944725,0.0011932641180852947,75.32642155171122,75.00506558428914,75.30312853390434,1.0003093233742126,0.00030932337421267985,768.5514287150974,791.3603013500157,256.8975624365161,252.98552745561398,2.9916649322237925,3.1280852676003725,636177.2966618692,86602947572.92041,88844364603.79108,66558819.08810666,22248086.13130065,56303.101046792704,18838.913482575328,6327.7010695745375
15,8280.0,138.0,2.3,26.311896983668376,26.351323983492488,0.0011932641180852947,74.87913163359579,74.81122746242708,74.85630256804416,1.0003049718563228,0.0003049718563227414,769.4334015941921,777.3459718370509,257.1862723895223,252.89494700696784,2.991735890276617,3.0737900501255693,620167.5788240012,86640636357.836,83814707590.61711,66664199.54909518,22282782.302327957,56465.112794335924,18892.642001267872,6345.5181402254775
15,8340.0,139.0,2.316666666666667,26.240301326526286,26.358168792421104,0.0011932641180852947,74.44102375080088,74.40323932391041,74.41865036690936,1.0003006421613563,0.00030064216135620596,770.2961629231443,766.3120167049517,257.46914096102034,257.06162452387355,2.991799949492835,2.981044012789951,604362.2787997021,86677368856.3892,86888767202.58507,66767244.64235065,22316747.700216025,56623.71158861564,18945.267572774766,6362.979199841506
15,8400.0,140.0,2.3333333333333335,26.168705630363704,26.327677261461112,0.0011932641180852947,74.01204420868913,74.12438612259905,73.99011905763946,1.0002963253922135,0.00029632539221340916,771.1399052260126,770.0145908043653,257.746218305116,245.11534891084798,2.9918573017166414,3.141437670981717,588728.3455780711,86713154939.85005,86798327664.80219,66867974.08216452,22349987.763051935,56778.9192048855,18996.796646902305,6380.086129404522
15,8460.0,141.0,2.35,26.097109889581745,26.230281366436987,0.0011932641180852947,73.59214222016227,73.70665970520976,73.57065838141571,1.0002920163991897,0.0002920163991897729,771.9648288406319,775.1485316139706,258.01755593396615,266.7420666270879,2.991908151545312,2.905985326632592,573248.9488610515,86748004663.6724,83926321814.12549,66966408.57245819,22382508.14546905,56930.7563646584,19047.23532420283,6396.840691063954
15,8520.0,142.0,2.3666666666666667,26.02551409893513,26.126499098752493,0.0011932641180852947,73.18126926685315,73.31849822085867,73.16022044840501,1.0002877085159,0.0002877085159001215,772.7711243264889,759.0071013702493,258.2832024698879,260.2569821790781,2.9919526974139283,2.9163755570176804,557902.2095172809,86781927805.93459,83511871255.07785,67062567.92181226,22414314.230227396,57079.242960551186,19096.589432708428,6413.244557762283
15,8580.0,143.0,2.3833333333333333,25.953918253532187,26.063425282157432,0.0011932641180852947,72.77937909912579,73.09659702146486,72.75875975710846,1.0002833932585733,0.00028339325857340374,773.5589725390696,773.355706292711,258.5432036671489,262.95298899335063,2.991991131721866,2.9410417019913284,542660.4419299191,86814933867.3396,90974943720.60869,67156471.0434665,22445411.12821364,57224.398056284575,19144.864527930935,6429.299313235036
15,8640.0,144.0,2.4,25.882322348834855,25.90388570044262,0.0011932641180852947,72.38642773607538,72.24809321901748,72.36623321525931,1.000279059996891,0.0002790599968909817,774.3285447011722,753.6954088597461,258.79760243287114,263.620254462544,2.992023640953256,2.8590193511357587,527489.395227209,86847032071.21492,83915321168.69029,67248135.95531988,22475803.678441085,57366.23988668325,19192.065892861916,6445.006452010795
15,8700.0,145.0,2.4166666666666665,25.810726444567738,25.699778042681125,0.0011932641180852947,72.00237813353307,72.04099374169957,71.98260050080171,1.0002747557408842,0.0002747557408840992,775.0800350058161,781.9112727084156,259.0464453713807,255.23504949005942,2.9920504560277843,3.0634949011533323,512571.8808099455,86878232363.41437,90736251486.23349,67337583.38147864,22505497.27389134,57504.78431690927,19238.19797725138,6460.367168953949
15,8760.0,146.0,2.433333333333333,25.739130529141917,25.84777723696145,0.0011932641180852947,71.62719028139657,71.8390336396263,71.60782334526363,1.0002704583832909,0.00027045838329089247,775.813591606226,762.7219402108192,259.2897689481699,254.34398586702497,2.9920717456511188,2.9987811098060804,497826.8482810714,86908543291.13416,92090524981.95891,67424829.11195996,22534496.109580196,57640.04811103231,19283.26558711763,6475.382805727065
15,8820.0,147.0,2.45,25.667534609516082,25.467579308836502,0.0011932641180852947,71.26082776720882,71.60985915574847,71.24186605777717,1.0002661596401232,0.0002661596401233001,776.5293624831031,779.2764006309523,259.52760869691315,252.51973935276666,2.9920876872485866,3.0860019205956553,483227.7000284909,86937973408.85277,86495375447.00684,67509889.06674941,22562804.343755383,57772.0467655918,19327.27309632937,6490.054554871602
15,8880.0,148.0,2.466666666666667,25.59593869971001,25.578001248191956,0.0011932641180852947,70.90325693716818,71.7396341125531,70.8846954849042,1.0002618541581791,0.0002618541581790935,777.227489640121,769.4170976926059,259.759998060055,260.3172538076343,2.9920984579790093,2.955689976128818,468759.8877263858,86966531098.61662,84771559784.40723,67592778.64848731,22590425.949466366,57900.79478652202,19370.224547385304,6504.383497633808
15,8940.0,149.0,2.4833333333333334,25.524342815855093,25.58346916030766,0.0011932641180852947,70.55444653461073,70.11010905345468,70.53628101224812,1.000257534450384,0.00025753445038382064,777.9081066387248,797.3172759941767,259.98696789957376,251.38301339244845,2.9921042309290304,3.1717229626388437,454402.3329360309,86994224492.60176,90450945663.74336,67673512.46354401,22617364.650606368,58026.305808478035,19412.12369483965,6518.370620263763
