PointIndex,S_Ts29,RV_Ts29,mu11_Ts29,S_Ts31,RV_Ts31,mu11_Ts31,S_Ts33,RV_Ts33,mu11_Ts33,S_Ts35,RV_Ts35,mu11_Ts35
0,2.05000000e+00,1.40000000e-05,1.37000000e+03,1.68000000e+00,9.00000000e-06,1.37000000e+03,1.34000000e+00,4.50000000e-06,1.37000000e+03,1.04000000e+00,5.00000000e-07,1.37000000e+03
1,2.04209538e+00,1.39705194e-05,1.86504721e+03,1.67488082e+00,8.98499466e-06,1.86504721e+03,1.33744041e+00,4.49644379e-06,1.86504721e+03,1.03969887e+00,5.01709645e-07,1.86504721e+03
2,2.03421069e+00,1.39404076e-05,2.17420657e+03,1.66977454e+00,8.96958196e-06,2.17420657e+03,1.33488727e+00,4.49268232e-06,2.17420657e+03,1.03939850e+00,5.03395639e-07,2.17420657e+03
3,2.02634599e+00,1.39096556e-05,2.43814817e+03,1.66468122e+00,8.95375449e-06,2.43814817e+03,1.33234061e+00,4.48871030e-06,2.43814817e+03,1.03909890e+00,5.05056553e-07,2.43814817e+03
4,2.01850133e+00,1.38782542e-05,2.67643743e+03,1.65960086e+00,8.93750488e-06,2.67643743e+03,1.32980043e+00,4.48452247e-06,2.67643743e+03,1.03880005e+00,5.06690960e-07,2.67643743e+03
5,2.01067676e+00,1.38461945e-05,2.89730448e+03,1.65453352e+00,8.92082575e-06,2.89730448e+03,1.32726676e+00,4.48011357e-06,2.89730448e+03,1.03850197e+00,5.08297432e-07,2.89730448e+03
6,2.00287233e+00,1.38134675e-05,3.10521182e+03,1.64947922e+00,8.90370973e-06,3.10521182e+03,1.32473961e+00,4.47547832e-06,3.10521182e+03,1.03820466e+00,5.09874546e-07,3.10521182e+03
7,1.99508809e+00,1.37800642e-05,3.30292610e+03,1.64443800e+00,8.88614949e-06,3.30292610e+03,1.32221900e+00,4.47061150e-06,3.30292610e+03,1.03790812e+00,5.11420883e-07,3.30292610e+03
8,1.98732409e+00,1.37459757e-05,3.49231387e+03,1.63940989e+00,8.86813769e-06,3.49231387e+03,1.31970494e+00,4.46550788e-06,3.49231387e+03,1.03761235e+00,5.12935028e-07,3.49231387e+03
9,1.97958040e+00,1.37111930e-05,3.67471049e+03,1.63439492e+00,8.84966709e-06,3.67471049e+03,1.31719746e+00,4.46016226e-06,3.67471049e+03,1.03731735e+00,5.14415569e-07,3.67471049e+03
10,1.97185705e+00,1.36757074e-05,3.85111344e+03,1.62939314e+00,8.83073043e-06,3.85111344e+03,1.31469657e+00,4.45456947e-06,3.85111344e+03,1.03702313e+00,5.15861104e-07,3.85111344e+03
11,1.96415411e+00,1.36395100e-05,4.02229301e+03,1.62440457e+00,8.81132053e-06,4.02229301e+03,1.31220228e+00,4.44872438e-06,4.02229301e+03,1.03672968e+00,5.17270235e-07,4.02229301e+03
12,1.95647163e+00,1.36025922e-05,4.18885991e+03,1.61942925e+00,8.79143028e-06,4.18885991e+03,1.30971462e+00,4.44262187e-06,4.18885991e+03,1.03643701e+00,5.18641574e-07,4.18885991e+03
13,1.94880967e+00,1.35649454e-05,4.35130884e+03,1.61446721e+00,8.77105262e-06,4.35130884e+03,1.30723361e+00,4.43625689e-06,4.35130884e+03,1.03614513e+00,5.19973742e-07,4.35130884e+03
14,1.94116827e+00,1.35265611e-05,4.51004771e+03,1.60951850e+00,8.75018056e-06,4.51004771e+03,1.30475925e+00,4.42962442e-06,4.51004771e+03,1.03585403e+00,5.21265367e-07,4.51004771e+03
15,1.93354750e+00,1.34874309e-05,4.66541795e+03,1.60458314e+00,8.72880719e-06,4.66541795e+03,1.30229157e+00,4.42271950e-06,4.66541795e+03,1.03556371e+00,5.22515091e-07,4.66541795e+03
16,1.92594741e+00,1.34475465e-05,4.81770905e+03,1.59966118e+00,8.70692570e-06,4.81770905e+03,1.29983059e+00,4.41553720e-06,4.81770905e+03,1.03527419e+00,5.23721565e-07,4.81770905e+03
17,1.91836805e+00,1.34068999e-05,4.96716920e+03,1.59475264e+00,8.68452936e-06,4.96716920e+03,1.29737632e+00,4.40807268e-06,4.96716920e+03,1.03498545e+00,5.24883454e-07,4.96716920e+03
18,1.91080949e+00,1.33654829e-05,5.11401323e+03,1.58985757e+00,8.66161154e-06,5.11401323e+03,1.29492879e+00,4.40032114e-06,5.11401323e+03,1.03469750e+00,5.25999434e-07,5.11401323e+03
19,1.90327178e+00,1.33232878e-05,5.25842872e+03,1.58497601e+00,8.63816574e-06,5.25842872e+03,1.29248800e+00,4.39227785e-06,5.25842872e+03,1.03441035e+00,5.27068197e-07,5.25842872e+03
20,1.89575498e+00,1.32803069e-05,5.40058068e+03,1.58010799e+00,8.61418553e-06,5.40058068e+03,1.29005399e+00,4.38393816e-06,5.40058068e+03,1.03412400e+00,5.28088448e-07,5.40058068e+03
21,1.88825915e+00,1.32365326e-05,5.54061526e+03,1.57525354e+00,8.58966465e-06,5.54061526e+03,1.28762677e+00,4.37529747e-06,5.54061526e+03,1.03383844e+00,5.29058910e-07,5.54061526e+03
22,1.88078434e+00,1.31919575e-05,5.67866271e+03,1.57041271e+00,8.56459693e-06,5.67866271e+03,1.28520636e+00,4.36635129e-06,5.67866271e+03,1.03355369e+00,5.29978319e-07,5.67866271e+03
23,1.87333062e+00,1.31465745e-05,5.81483974e+03,1.56558554e+00,8.53897636e-06,5.81483974e+03,1.28279277e+00,4.35709520e-06,5.81483974e+03,1.03326974e+00,5.30845431e-07,5.81483974e+03
24,1.86589804e+00,1.31003767e-05,5.94925144e+03,1.56077207e+00,8.51279705e-06,5.94925144e+03,1.28038603e+00,4.34752484e-06,5.94925144e+03,1.03298659e+00,5.31659019e-07,5.94925144e+03
25,1.85848667e+00,1.30533572e-05,6.08199290e+03,1.55597232e+00,8.48605328e-06,6.08199290e+03,1.27798616e+00,4.33763599e-06,6.08199290e+03,1.03270425e+00,5.32417874e-07,6.08199290e+03
26,1.85109657e+00,1.30055096e-05,6.21315050e+03,1.55118635e+00,8.45873947e-06,6.21315050e+03,1.27559317e+00,4.32742448e-06,6.21315050e+03,1.03242273e+00,5.33120809e-07,6.21315050e+03
27,1.84372779e+00,1.29568274e-05,6.34280302e+03,1.54641419e+00,8.43085019e-06,6.34280302e+03,1.27320709e+00,4.31688626e-06,6.34280302e+03,1.03214201e+00,5.33766653e-07,6.34280302e+03
28,1.83638041e+00,1.29073045e-05,6.47102255e+03,1.54165588e+00,8.40238020e-06,6.47102255e+03,1.27082794e+00,4.30601738e-06,6.47102255e+03,1.03186211e+00,5.34354261e-07,6.47102255e+03
29,1.82905447e+00,1.28569352e-05,6.59787530e+03,1.53691147e+00,8.37332442e-06,6.59787530e+03,1.26845573e+00,4.29481399e-06,6.59787530e+03,1.03158303e+00,5.34882507e-07,6.59787530e+03
30,1.82175005e+00,1.28057138e-05,6.72342225e+03,1.53218099e+00,8.34367794e-06,6.72342225e+03,1.26609049e+00,4.28327235e-06,6.72342225e+03,1.03130476e+00,5.35350288e-07,6.72342225e+03
31,1.81446721e+00,1.27536348e-05,6.84771972e+03,1.52746448e+00,8.31343606e-06,6.84771972e+03,1.26373224e+00,4.27138884e-06,6.84771972e+03,1.03102732e+00,5.35756524e-07,6.84771972e+03
32,1.80720602e+00,1.27006933e-05,6.97081988e+03,1.52276199e+00,8.28259424e-06,6.97081988e+03,1.26138100e+00,4.25915993e-06,6.97081988e+03,1.03075071e+00,5.36100160e-07,6.97081988e+03
33,1.79996653e+00,1.26468844e-05,7.09277115e+03,1.51807356e+00,8.25114817e-06,7.09277115e+03,1.25903678e+00,4.24658226e-06,7.09277115e+03,1.03047492e+00,5.36380164e-07,7.09277115e+03
34,1.79274881e+00,1.25922036e-05,7.21361861e+03,1.51339923e+00,8.21909371e-06,7.21361861e+03,1.25669962e+00,4.23365254e-06,7.21361861e+03,1.03019995e+00,5.36595533e-07,7.21361861e+03
35,1.78555294e+00,1.25366466e-05,7.33340428e+03,1.50873904e+00,8.18642696e-06,7.33340428e+03,1.25436952e+00,4.22036763e-06,7.33340428e+03,1.02992583e+00,5.36745286e-07,7.33340428e+03
36,1.77837897e+00,1.24802094e-05,7.45216744e+03,1.50409304e+00,8.15314419e-06,7.45216744e+03,1.25204652e+00,4.20672453e-06,7.45216744e+03,1.02965253e+00,5.36828470e-07,7.45216744e+03
37,1.77122697e+00,1.24228884e-05,7.56994488e+03,1.49946127e+00,8.11924194e-06,7.56994488e+03,1.24973064e+00,4.19272037e-06,7.56994488e+03,1.02938007e+00,5.36844162e-07,7.56994488e+03
38,1.76409701e+00,1.23646803e-05,7.68677109e+03,1.49484378e+00,8.08471694e-06,7.68677109e+03,1.24742189e+00,4.17835238e-06,7.68677109e+03,1.02910846e+00,5.36791464e-07,7.68677109e+03
39,1.75698916e+00,1.23055819e-05,7.80267850e+03,1.49024060e+00,8.04956616e-06,7.80267850e+03,1.24512030e+00,4.16361799e-06,7.80267850e+03,1.02883768e+00,5.36669508e-07,7.80267850e+03
40,1.74990348e+00,1.22455907e-05,7.91769763e+03,1.48565178e+00,8.01378680e-06,7.91769763e+03,1.24282589e+00,4.14851473e-06,7.91769763e+03,1.02856775e+00,5.36477455e-07,7.91769763e+03
41,1.74284006e+00,1.21847043e-05,8.03185723e+03,1.48107737e+00,7.97737631e-06,8.03185723e+03,1.24053869e+00,4.13304028e-06,8.03185723e+03,1.02829867e+00,5.36214497e-07,8.03185723e+03
42,1.73579895e+00,1.21229206e-05,8.14518447e+03,1.47651741e+00,7.94033238e-06,8.14518447e+03,1.23825871e+00,4.11719248e-06,8.14518447e+03,1.02803044e+00,5.35879854e-07,8.14518447e+03
43,1.72878023e+00,1.20602379e-05,8.25770504e+03,1.47197196e+00,7.90265295e-06,8.25770504e+03,1.23598598e+00,4.10096933e-06,8.25770504e+03,1.02776306e+00,5.35472781e-07,8.25770504e+03
44,1.72178397e+00,1.19966550e-05,8.36944322e+03,1.46744105e+00,7.86433620e-06,8.36944322e+03,1.23372052e+00,4.08436896e-06,8.36944322e+03,1.02749653e+00,5.34992562e-07,8.36944322e+03
45,1.71481024e+00,1.19321708e-05,8.48042207e+03,1.46292473e+00,7.82538060e-06,8.48042207e+03,1.23146236e+00,4.06738967e-06,8.48042207e+03,1.02723087e+00,5.34438514e-07,8.48042207e+03
46,1.70785912e+00,1.18667848e-05,8.59066345e+03,1.45842305e+00,7.78578485e-06,8.59066345e+03,1.22921152e+00,4.05002992e-06,8.59066345e+03,1.02696606e+00,5.33809987e-07,8.59066345e+03
47,1.70093067e+00,1.18004967e-05,8.70018815e+03,1.45393606e+00,7.74554793e-06,8.70018815e+03,1.22696803e+00,4.03228833e-06,8.70018815e+03,1.02670212e+00,5.33106363e-07,8.70018815e+03
48,1.69402498e+00,1.17333066e-05,8.80901591e+03,1.44946380e+00,7.70466910e-06,8.80901591e+03,1.22473190e+00,4.01416369e-06,8.80901591e+03,1.02643905e+00,5.32327061e-07,8.80901591e+03
49,1.68714212e+00,1.16652152e-05,8.91716557e+03,1.44500633e+00,7.66314790e-06,8.91716557e+03,1.22250316e+00,3.99565495e-06,8.91716557e+03,1.02617684e+00,5.31471530e-07,8.91716557e+03
50,1.68028217e+00,1.15962232e-05,9.02465505e+03,1.44056369e+00,7.62098411e-06,9.02465505e+03,1.22028184e+00,3.97676124e-06,9.02465505e+03,1.02591551e+00,5.30539259e-07,9.02465505e+03
51,1.67344519e+00,1.15263321e-05,9.13150148e+03,1.43613593e+00,7.57817785e-06,9.13150148e+03,1.21806797e+00,3.95748185e-06,9.13150148e+03,1.02565505e+00,5.29529767e-07,9.13150148e+03
52,1.66663128e+00,1.14555435e-05,9.23772120e+03,1.43172311e+00,7.53472948e-06,9.23772120e+03,1.21586156e+00,3.93781625e-06,9.23772120e+03,1.02539548e+00,5.28442612e-07,9.23772120e+03
53,1.65984050e+00,1.13838596e-05,9.34332984e+03,1.42732528e+00,7.49063968e-06,9.34332984e+03,1.21366264e+00,3.91776409e-06,9.34332984e+03,1.02513678e+00,5.27277388e-07,9.34332984e+03
54,1.65307294e+00,1.13112828e-05,9.44834234e+03,1.42294247e+00,7.44590940e-06,9.44834234e+03,1.21147124e+00,3.89732519e-06,9.44834234e+03,1.02487897e+00,5.26033725e-07,9.44834234e+03
55,1.64632867e+00,1.12378161e-05,9.55277301e+03,1.41857476e+00,7.40053991e-06,9.55277301e+03,1.20928738e+00,3.87649955e-06,9.55277301e+03,1.02462204e+00,5.24711289e-07,9.55277301e+03
56,1.63960778e+00,1.11634628e-05,9.65663558e+03,1.41422218e+00,7.35453277e-06,9.65663558e+03,1.20711109e+00,3.85528736e-06,9.65663558e+03,1.02436601e+00,5.23309785e-07,9.65663558e+03
57,1.63291035e+00,1.10882267e-05,9.75994319e+03,1.40988480e+00,7.30788983e-06,9.75994319e+03,1.20494240e+00,3.83368900e-06,9.75994319e+03,1.02411087e+00,5.21828955e-07,9.75994319e+03
58,1.62623647e+00,1.10121121e-05,9.86270848e+03,1.40556266e+00,7.26061328e-06,9.86270848e+03,1.20278133e+00,3.81170501e-06,9.86270848e+03,1.02385663e+00,5.20268579e-07,9.86270848e+03
59,1.61958620e+00,1.09351234e-05,9.96494357e+03,1.40125583e+00,7.21270557e-06,9.96494357e+03,1.20062791e+00,3.78933615e-06,9.96494357e+03,1.02360328e+00,5.18628476e-07,9.96494357e+03
60,1.61295965e+00,1.08572659e-05,1.00666601e+04,1.39696434e+00,7.16416951e-06,1.00666601e+04,1.19848217e+00,3.76658333e-06,1.00666601e+04,1.02335084e+00,5.16908502e-07,1.00666601e+04
61,1.60635689e+00,1.07785449e-05,1.01678693e+04,1.39268827e+00,7.11500818e-06,1.01678693e+04,1.19634413e+00,3.74344769e-06,1.01678693e+04,1.02309931e+00,5.15108554e-07,1.01678693e+04
62,1.59977800e+00,1.06989664e-05,1.02685819e+04,1.38842766e+00,7.06522501e-06,1.02685819e+04,1.19421383e+00,3.71993054e-06,1.02685819e+04,1.02284869e+00,5.13228567e-07,1.02685819e+04
63,1.59322309e+00,1.06185368e-05,1.03688084e+04,1.38418257e+00,7.01482373e-06,1.03688084e+04,1.19209129e+00,3.69603338e-06,1.03688084e+04,1.02259897e+00,5.11268517e-07,1.03688084e+04
64,1.58669223e+00,1.05372628e-05,1.04685587e+04,1.37995306e+00,6.96380839e-06,1.04685587e+04,1.18997653e+00,3.67175791e-06,1.04685587e+04,1.02235018e+00,5.09228418e-07,1.04685587e+04
65,1.58018552e+00,1.04551518e-05,1.05678426e+04,1.37573919e+00,6.91218337e-06,1.05678426e+04,1.18786960e+00,3.64710603e-06,1.05678426e+04,1.02210231e+00,5.07108324e-07,1.05678426e+04
66,1.57370303e+00,1.03722114e-05,1.06666692e+04,1.37154101e+00,6.85995335e-06,1.06666692e+04,1.18577051e+00,3.62207983e-06,1.06666692e+04,1.02185535e+00,5.04908331e-07,1.06666692e+04
67,1.56724488e+00,1.02884498e-05,1.07650476e+04,1.36735859e+00,6.80712336e-06,1.07650476e+04,1.18367929e+00,3.59668159e-06,1.07650476e+04,1.02160933e+00,5.02628574e-07,1.07650476e+04
68,1.56081113e+00,1.02038756e-05,1.08629864e+04,1.36319197e+00,6.75369874e-06,1.08629864e+04,1.18159599e+00,3.57091380e-06,1.08629864e+04,1.02136423e+00,5.00269228e-07,1.08629864e+04
69,1.55440190e+00,1.01184978e-05,1.09604942e+04,1.35904123e+00,6.69968517e-06,1.09604942e+04,1.17952062e+00,3.54477914e-06,1.09604942e+04,1.02112007e+00,4.97830510e-07,1.09604942e+04
70,1.54801728e+00,1.00323261e-05,1.10575788e+04,1.35490643e+00,6.64508863e-06,1.10575788e+04,1.17745321e+00,3.51828049e-06,1.10575788e+04,1.02087685e+00,4.95312677e-07,1.10575788e+04
71,1.54165735e+00,9.94537021e-06,1.11542483e+04,1.35078762e+00,6.58991547e-06,1.11542483e+04,1.17539381e+00,3.49142092e-06,1.11542483e+04,1.02063457e+00,4.92716027e-07,1.11542483e+04
72,1.53532221e+00,9.85764071e-06,1.12505102e+04,1.34668486e+00,6.53417232e-06,1.12505102e+04,1.17334243e+00,3.46420373e-06,1.12505102e+04,1.02039323e+00,4.90040899e-07,1.12505102e+04
73,1.52901197e+00,9.76914845e-06,1.13463717e+04,1.34259823e+00,6.47786617e-06,1.13463717e+04,1.17129912e+00,3.43663239e-06,1.13463717e+04,1.02015284e+00,4.87287674e-07,1.13463717e+04
74,1.52272672e+00,9.67990478e-06,1.14418402e+04,1.33852778e+00,6.42100434e-06,1.14418402e+04,1.16926389e+00,3.40871058e-06,1.14418402e+04,1.01991340e+00,4.84456772e-07,1.14418402e+04
75,1.51646657e+00,9.58992147e-06,1.15369223e+04,1.33447359e+00,6.36359446e-06,1.15369223e+04,1.16723679e+00,3.38044217e-06,1.15369223e+04,1.01967492e+00,4.81548656e-07,1.15369223e+04
76,1.51023160e+00,9.49921078e-06,1.16316249e+04,1.33043570e+00,6.30564450e-06,1.16316249e+04,1.16521785e+00,3.35183125e-06,1.16316249e+04,1.01943739e+00,4.78563829e-07,1.16316249e+04
77,1.50402193e+00,9.40778543e-06,1.17259544e+04,1.32641420e+00,6.24716277e-06,1.17259544e+04,1.16320710e+00,3.32288210e-06,1.17259544e+04,1.01920084e+00,4.75502836e-07,1.17259544e+04
78,1.49783765e+00,9.31565857e-06,1.18199171e+04,1.32240915e+00,6.18815789e-06,1.18199171e+04,1.16120457e+00,3.29359919e-06,1.18199171e+04,1.01896524e+00,4.72366262e-07,1.18199171e+04
79,1.49167888e+00,9.22284382e-06,1.19135190e+04,1.31842061e+00,6.12863882e-06,1.19135190e+04,1.15921030e+00,3.26398720e-06,1.19135190e+04,1.01873062e+00,4.69154734e-07,1.19135190e+04
80,1.48554572e+00,9.12935526e-06,1.20067662e+04,1.31444865e+00,6.06861484e-06,1.20067662e+04,1.15722433e+00,3.23405102e-06,1.20067662e+04,1.01849698e+00,4.65868920e-07,1.20067662e+04
81,1.47943827e+00,9.03520741e-06,1.20996643e+04,1.31049335e+00,6.00809555e-06,1.20996643e+04,1.15524668e+00,3.20379570e-06,1.20996643e+04,1.01826431e+00,4.62509528e-07,1.20996643e+04
82,1.47335664e+00,8.94041526e-06,1.21922190e+04,1.30655478e+00,5.94709090e-06,1.21922190e+04,1.15327739e+00,3.17322654e-06,1.21922190e+04,1.01803263e+00,4.59077307e-07,1.21922190e+04
83,1.46730095e+00,8.84499421e-06,1.22844357e+04,1.30263300e+00,5.88561113e-06,1.22844357e+04,1.15131650e+00,3.14234899e-06,1.22844357e+04,1.01780194e+00,4.55573047e-07,1.22844357e+04
84,1.46127131e+00,8.74896016e-06,1.23763197e+04,1.29872809e+00,5.82366684e-06,1.23763197e+04,1.14936404e+00,3.11116873e-06,1.23763197e+04,1.01757224e+00,4.51997579e-07,1.23763197e+04
85,1.45526783e+00,8.65232942e-06,1.24678760e+04,1.29484012e+00,5.76126892e-06,1.24678760e+04,1.14742006e+00,3.07969162e-06,1.24678760e+04,1.01734354e+00,4.48351774e-07,1.24678760e+04
86,1.44929062e+00,8.55511874e-06,1.25591098e+04,1.29096916e+00,5.69842860e-06,1.25591098e+04,1.14548458e+00,3.04792371e-06,1.25591098e+04,1.01711583e+00,4.44636541e-07,1.25591098e+04
87,1.44333980e+00,8.45734534e-06,1.26500259e+04,1.28711530e+00,5.63515741e-06,1.26500259e+04,1.14355765e+00,3.01587125e-06,1.26500259e+04,1.01688914e+00,4.40852832e-07,1.26500259e+04
88,1.43741548e+00,8.35902685e-06,1.27406291e+04,1.28327860e+00,5.57146721e-06,1.27406291e+04,1.14163930e+00,2.98354070e-06,1.27406291e+04,1.01666345e+00,4.37001637e-07,1.27406291e+04
89,1.43151780e+00,8.26018134e-06,1.28309238e+04,1.27945914e+00,5.50737016e-06,1.28309238e+04,1.13972957e+00,2.95093867e-06,1.28309238e+04,1.01643877e+00,4.33083987e-07,1.28309238e+04
90,1.42564686e+00,8.16082732e-06,1.29209147e+04,1.27565701e+00,5.44287875e-06,1.29209147e+04,1.13782851e+00,2.91807199e-06,1.29209147e+04,1.01621512e+00,4.29100950e-07,1.29209147e+04
91,1.41980279e+00,8.06098371e-06,1.30106062e+04,1.27187228e+00,5.37800576e-06,1.30106062e+04,1.13593614e+00,2.88494768e-06,1.30106062e+04,1.01599249e+00,4.25053634e-07,1.30106062e+04
92,1.41398571e+00,7.96066988e-06,1.31000024e+04,1.26810503e+00,5.31276428e-06,1.31000024e+04,1.13405252e+00,2.85157292e-06,1.31000024e+04,1.01577088e+00,4.20943185e-07,1.31000024e+04
93,1.40819575e+00,7.85990559e-06,1.31891076e+04,1.26435535e+00,5.24716770e-06,1.31891076e+04,1.13217767e+00,2.81795510e-06,1.31891076e+04,1.01555031e+00,4.16770790e-07,1.31891076e+04
94,1.40243304e+00,7.75871103e-06,1.32779258e+04,1.26062330e+00,5.18122973e-06,1.32779258e+04,1.13031165e+00,2.78410179e-06,1.32779258e+04,1.01533078e+00,4.12537670e-07,1.32779258e+04
95,1.39669771e+00,7.65710679e-06,1.33664610e+04,1.25690899e+00,5.11496434e-06,1.33664610e+04,1.12845450e+00,2.75002072e-06,1.33664610e+04,1.01511229e+00,4.08245085e-07,1.33664610e+04
96,1.39098988e+00,7.55511388e-06,1.34547170e+04,1.25321250e+00,5.04838584e-06,1.34547170e+04,1.12660625e+00,2.71571983e-06,1.34547170e+04,1.01489485e+00,4.03894333e-07,1.34547170e+04
97,1.38530970e+00,7.45275371e-06,1.35426977e+04,1.24953390e+00,4.98150877e-06,1.35426977e+04,1.12476695e+00,2.68120721e-06,1.35426977e+04,1.01467846e+00,3.99486750e-07,1.35426977e+04
98,1.37965729e+00,7.35004806e-06,1.36304066e+04,1.24587329e+00,4.91434802e-06,1.36304066e+04,1.12293665e+00,2.64649113e-06,1.36304066e+04,1.01446313e+00,3.95023704e-07,1.36304066e+04
99,1.37403280e+00,7.24701912e-06,1.37178475e+04,1.24223076e+00,4.84691871e-06,1.37178475e+04,1.12111538e+00,2.61158006e-06,1.37178475e+04,1.01424887e+00,3.90506603e-07,1.37178475e+04
100,1.36843635e+00,7.14368947e-06,1.38050238e+04,1.23860640e+00,4.77923626e-06,1.38050238e+04,1.11930320e+00,2.57648259e-06,1.38050238e+04,1.01403567e+00,3.85936888e-07,1.38050238e+04
101,1.36286811e+00,7.04008205e-06,1.38919390e+04,1.23500030e+00,4.71131637e-06,1.38919390e+04,1.11750015e+00,2.54120752e-06,1.38919390e+04,1.01382355e+00,3.81316038e-07,1.38919390e+04
102,1.35732820e+00,6.93622018e-06,1.39785964e+04,1.23141255e+00,4.64317499e-06,1.39785964e+04,1.11570627e+00,2.50576380e-06,1.39785964e+04,1.01361250e+00,3.76645563e-07,1.39785964e+04
103,1.35181677e+00,6.83212755e-06,1.40649992e+04,1.22784324e+00,4.57482836e-06,1.40649992e+04,1.11392162e+00,2.47016054e-06,1.40649992e+04,1.01340254e+00,3.71927009e-07,1.40649992e+04
104,1.34633397e+00,6.72782821e-06,1.41511508e+04,1.22429248e+00,4.50629295e-06,1.41511508e+04,1.11214624e+00,2.43440701e-06,1.41511508e+04,1.01319368e+00,3.67161954e-07,1.41511508e+04
105,1.34087996e+00,6.62334654e-06,1.42370542e+04,1.22076035e+00,4.43758552e-06,1.42370542e+04,1.11038018e+00,2.39851265e-06,1.42370542e+04,1.01298590e+00,3.62352012e-07,1.42370542e+04
106,1.33545487e+00,6.51870729e-06,1.43227125e+04,1.21724697e+00,4.36872304e-06,1.43227125e+04,1.10862348e+00,2.36248702e-06,1.43227125e+04,1.01277923e+00,3.57498826e-07,1.43227125e+04
107,1.33005888e+00,6.41393553e-06,1.44081288e+04,1.21375242e+00,4.29972277e-06,1.44081288e+04,1.10687621e+00,2.32633988e-06,1.44081288e+04,1.01257367e+00,3.52604072e-07,1.44081288e+04
108,1.32469214e+00,6.30905669e-06,1.44933058e+04,1.21027681e+00,4.23060216e-06,1.44933058e+04,1.10513841e+00,2.29008109e-06,1.44933058e+04,1.01236922e+00,3.47669458e-07,1.44933058e+04
109,1.31935480e+00,6.20409648e-06,1.45782466e+04,1.20682025e+00,4.16137895e-06,1.45782466e+04,1.10341013e+00,2.25372068e-06,1.45782466e+04,1.01216590e+00,3.42696721e-07,1.45782466e+04
110,1.31404703e+00,6.09908095e-06,1.46629540e+04,1.20338284e+00,4.09207105e-06,1.46629540e+04,1.10169142e+00,2.21726883e-06,1.46629540e+04,1.01196370e+00,3.37687628e-07,1.46629540e+04
111,1.30876900e+00,5.99403647e-06,1.47474306e+04,1.19996469e+00,4.02269665e-06,1.47474306e+04,1.09998234e+00,2.18073582e-06,1.47474306e+04,1.01176263e+00,3.32643978e-07,1.47474306e+04
112,1.30352087e+00,5.88898966e-06,1.48316792e+04,1.19656590e+00,3.95327412e-06,1.48316792e+04,1.09828295e+00,2.14413211e-06,1.48316792e+04,1.01156270e+00,3.27567596e-07,1.48316792e+04
113,1.29830282e+00,5.78396749e-06,1.49157025e+04,1.19318659e+00,3.88382205e-06,1.49157025e+04,1.09659329e+00,2.10746826e-06,1.49157025e+04,1.01136392e+00,3.22460334e-07,1.49157025e+04
114,1.29311502e+00,5.67899716e-06,1.49995029e+04,1.18982687e+00,3.81435924e-06,1.49995029e+04,1.09491343e+00,2.07075497e-06,1.49995029e+04,1.01116629e+00,3.17324074e-07,1.49995029e+04
115,1.28795765e+00,5.57410618e-06,1.50830832e+04,1.18648686e+00,3.74490469e-06,1.50830832e+04,1.09324343e+00,2.03400306e-06,1.50830832e+04,1.01096982e+00,3.12160723e-07,1.50830832e+04
116,1.28283088e+00,5.46932230e-06,1.51664456e+04,1.18316666e+00,3.67547759e-06,1.51664456e+04,1.09158333e+00,1.99722347e-06,1.51664456e+04,1.01077451e+00,3.06972215e-07,1.51664456e+04
117,1.27773490e+00,5.36467353e-06,1.52495928e+04,1.17986641e+00,3.60609730e-06,1.52495928e+04,1.08993321e+00,1.96042726e-06,1.52495928e+04,1.01058038e+00,3.01760506e-07,1.52495928e+04
118,1.27266991e+00,5.26018812e-06,1.53325270e+04,1.17658623e+00,3.53678339e-06,1.53325270e+04,1.08829311e+00,1.92362558e-06,1.53325270e+04,1.01038743e+00,2.96527580e-07,1.53325270e+04
119,1.26763608e+00,5.15589457e-06,1.54152507e+04,1.17332623e+00,3.46755558e-06,1.54152507e+04,1.08666311e+00,1.88682972e-06,1.54152507e+04,1.01019566e+00,2.91275442e-07,1.54152507e+04
120,1.26263362e+00,5.05182158e-06,1.54977660e+04,1.17008654e+00,3.39843376e-06,1.54977660e+04,1.08504327e+00,1.85005106e-06,1.54977660e+04,1.01000509e+00,2.86006121e-07,1.54977660e+04
121,1.25766272e+00,4.94799810e-06,1.55800753e+04,1.16686729e+00,3.32943799e-06,1.55800753e+04,1.08343364e+00,1.81330107e-06,1.55800753e+04,1.00981572e+00,2.80721668e-07,1.55800753e+04
122,1.25272358e+00,4.84445323e-06,1.56621808e+04,1.16366861e+00,3.26058846e-06,1.56621808e+04,1.08183430e+00,1.77659132e-06,1.56621808e+04,1.00962757e+00,2.75424153e-07,1.56621808e+04
123,1.24781642e+00,4.74121633e-06,1.57440847e+04,1.16049063e+00,3.19190552e-06,1.57440847e+04,1.08024532e+00,1.73993349e-06,1.57440847e+04,1.00944063e+00,2.70115668e-07,1.57440847e+04
124,1.24294143e+00,4.63831689e-06,1.58257890e+04,1.15733350e+00,3.12340964e-06,1.58257890e+04,1.07866675e+00,1.70333932e-06,1.58257890e+04,1.00925491e+00,2.64798325e-07,1.58257890e+04
125,1.23809883e+00,4.53578459e-06,1.59072959e+04,1.15419734e+00,3.05512145e-06,1.59072959e+04,1.07709867e+00,1.66682065e-06,1.59072959e+04,1.00907043e+00,2.59474253e-07,1.59072959e+04
126,1.23328885e+00,4.43364928e-06,1.59886074e+04,1.15108230e+00,2.98706166e-06,1.59886074e+04,1.07554115e+00,1.63038937e-06,1.59886074e+04,1.00888719e+00,2.54145599e-07,1.59886074e+04
127,1.22851169e+00,4.33194096e-06,1.60697255e+04,1.14798853e+00,2.91925112e-06,1.60697255e+04,1.07399426e+00,1.59405749e-06,1.60697255e+04,1.00870521e+00,2.48814528e-07,1.60697255e+04
128,1.22376760e+00,4.23068974e-06,1.61506523e+04,1.14491616e+00,2.85171077e-06,1.61506523e+04,1.07245808e+00,1.55783704e-06,1.61506523e+04,1.00852448e+00,2.43483219e-07,1.61506523e+04
129,1.21905680e+00,4.12992590e-06,1.62313896e+04,1.14186536e+00,2.78446167e-06,1.62313896e+04,1.07093268e+00,1.52174014e-06,1.62313896e+04,1.00834502e+00,2.38153867e-07,1.62313896e+04
130,1.21437953e+00,4.02967979e-06,1.63119393e+04,1.13883627e+00,2.71752493e-06,1.63119393e+04,1.06941813e+00,1.48577896e-06,1.63119393e+04,1.00816684e+00,2.32828682e-07,1.63119393e+04
131,1.20973603e+00,3.92998191e-06,1.63923034e+04,1.13582905e+00,2.65092178e-06,1.63923034e+04,1.06791453e+00,1.44996573e-06,1.63923034e+04,1.00798994e+00,2.27509884e-07,1.63923034e+04
132,1.20512656e+00,3.83086282e-06,1.64724836e+04,1.13284386e+00,2.58467350e-06,1.64724836e+04,1.06642193e+00,1.41431272e-06,1.64724836e+04,1.00781434e+00,2.22199708e-07,1.64724836e+04
133,1.20055135e+00,3.73235317e-06,1.65524818e+04,1.12988087e+00,2.51880143e-06,1.65524818e+04,1.06494044e+00,1.37883225e-06,1.65524818e+04,1.00764005e+00,2.16900400e-07,1.65524818e+04
134,1.19601067e+00,3.63448367e-06,1.66322998e+04,1.12694025e+00,2.45332697e-06,1.66322998e+04,1.06347012e+00,1.34353666e-06,1.66322998e+04,1.00746707e+00,2.11614214e-07,1.66322998e+04
135,1.19150479e+00,3.53728508e-06,1.67119393e+04,1.12402215e+00,2.38827156e-06,1.67119393e+04,1.06201108e+00,1.30843836e-06,1.67119393e+04,1.00729542e+00,2.06343415e-07,1.67119393e+04
136,1.18703398e+00,3.44078822e-06,1.67914020e+04,1.12112677e+00,2.32365669e-06,1.67914020e+04,1.06056338e+00,1.27354975e-06,1.67914020e+04,1.00712510e+00,2.01090277e-07,1.67914020e+04
137,1.18259851e+00,3.34502393e-06,1.68706896e+04,1.11825427e+00,2.25950386e-06,1.68706896e+04,1.05912714e+00,1.23888327e-06,1.68706896e+04,1.00695613e+00,1.95857078e-07,1.68706896e+04
138,1.17819866e+00,3.25002305e-06,1.69498037e+04,1.11540485e+00,2.19583460e-06,1.69498037e+04,1.05770242e+00,1.20445138e-06,1.69498037e+04,1.00678852e+00,1.90646105e-07,1.69498037e+04
139,1.17383474e+00,3.15581643e-06,1.70287461e+04,1.11257869e+00,2.13267045e-06,1.70287461e+04,1.05628934e+00,1.17026654e-06,1.70287461e+04,1.00662228e+00,1.85459649e-07,1.70287461e+04
140,1.16950703e+00,3.06243493e-06,1.71075182e+04,1.10977598e+00,2.07003293e-06,1.71075182e+04,1.05488799e+00,1.13634122e-06,1.71075182e+04,1.00645741e+00,1.80300006e-07,1.71075182e+04
141,1.16521584e+00,2.96990936e-06,1.71861218e+04,1.10699692e+00,2.00794356e-06,1.71861218e+04,1.05349846e+00,1.10268790e-06,1.71861218e+04,1.00629394e+00,1.75169474e-07,1.71861218e+04
142,1.16096148e+00,2.87827049e-06,1.72645583e+04,1.10424172e+00,1.94642386e-06,1.72645583e+04,1.05212086e+00,1.06931904e-06,1.72645583e+04,1.00613187e+00,1.70070353e-07,1.72645583e+04
143,1.15674429e+00,2.78754905e-06,1.73428292e+04,1.10151059e+00,1.88549528e-06,1.73428292e+04,1.05075529e+00,1.03624710e-06,1.73428292e+04,1.00597121e+00,1.65004945e-07,1.73428292e+04
144,1.15256458e+00,2.69777569e-06,1.74209361e+04,1.09880373e+00,1.82517925e-06,1.74209361e+04,1.04940186e+00,1.00348451e-06,1.74209361e+04,1.00581198e+00,1.59975551e-07,1.74209361e+04
145,1.14842270e+00,2.60898098e-06,1.74988805e+04,1.09612137e+00,1.76549717e-06,1.74988805e+04,1.04806068e+00,9.71043697e-07,1.74988805e+04,1.00565420e+00,1.54984470e-07,1.74988805e+04
146,1.14431899e+00,2.52119541e-06,1.75766637e+04,1.09346373e+00,1.70647035e-06,1.75766637e+04,1.04673186e+00,9.38937042e-07,1.75766637e+04,1.00549787e+00,1.50034001e-07,1.75766637e+04
147,1.14025382e+00,2.43444934e-06,1.76542873e+04,1.09083105e+00,1.64812003e-06,1.76542873e+04,1.04541552e+00,9.07176898e-07,1.76542873e+04,1.00534300e+00,1.45126437e-07,1.76542873e+04
148,1.13622755e+00,2.34877301e-06,1.77317526e+04,1.08822356e+00,1.59046739e-06,1.77317526e+04,1.04411178e+00,8.75775577e-07,1.77317526e+04,1.00518962e+00,1.40264068e-07,1.77317526e+04
149,1.13224056e+00,2.26419652e-06,1.78090611e+04,1.08564151e+00,1.53353350e-06,1.78090611e+04,1.04282075e+00,8.44745343e-07,1.78090611e+04,1.00503774e+00,1.35449177e-07,1.78090611e+04
150,1.12829325e+00,2.18074980e-06,1.78862141e+04,1.08308515e+00,1.47733933e-06,1.78862141e+04,1.04154258e+00,8.14098408e-07,1.78862141e+04,1.00488736e+00,1.30684042e-07,1.78862141e+04
151,1.12438601e+00,2.09846263e-06,1.79632129e+04,1.08055475e+00,1.42190574e-06,1.79632129e+04,1.04027737e+00,7.83846924e-07,1.79632129e+04,1.00473851e+00,1.25970931e-07,1.79632129e+04
152,1.12051926e+00,2.01736458e-06,1.80400588e+04,1.07805057e+00,1.36725347e-06,1.80400588e+04,1.03902529e+00,7.54002977e-07,1.80400588e+04,1.00459121e+00,1.21312104e-07,1.80400588e+04
153,1.11669344e+00,1.93748503e-06,1.81167533e+04,1.07557289e+00,1.31340311e-06,1.81167533e+04,1.03778645e+00,7.24578582e-07,1.81167533e+04,1.00444546e+00,1.16709811e-07,1.81167533e+04
154,1.11290897e+00,1.85885313e-06,1.81932975e+04,1.07312200e+00,1.26037512e-06,1.81932975e+04,1.03656100e+00,6.95585674e-07,1.81932975e+04,1.00430129e+00,1.12166290e-07,1.81932975e+04
155,1.10916633e+00,1.78149780e-06,1.82696928e+04,1.07069819e+00,1.20818979e-06,1.82696928e+04,1.03534910e+00,6.67036102e-07,1.82696928e+04,1.00415872e+00,1.07683766e-07,1.82696928e+04
156,1.10546597e+00,1.70544770e-06,1.83459403e+04,1.06830177e+00,1.15686724e-06,1.83459403e+04,1.03415089e+00,6.38941625e-07,1.83459403e+04,1.00401775e+00,1.03264449e-07,1.83459403e+04
157,1.10180840e+00,1.63073122e-06,1.84220414e+04,1.06593306e+00,1.10642741e-06,1.84220414e+04,1.03296653e+00,6.11313901e-07,1.84220414e+04,1.00387842e+00,9.89105382e-08,1.84220414e+04
158,1.09819412e+00,1.55737646e-06,1.84979972e+04,1.06359238e+00,1.05689004e-06,1.84979972e+04,1.03179619e+00,5.84164484e-07,1.84979972e+04,1.00374073e+00,9.46242116e-08,1.84979972e+04
159,1.09462364e+00,1.48541121e-06,1.85738088e+04,1.06128007e+00,1.00827468e-06,1.85738088e+04,1.03064004e+00,5.57504813e-07,1.85738088e+04,1.00360471e+00,9.04076323e-08,1.85738088e+04
160,1.09109753e+00,1.41486293e-06,1.86494776e+04,1.05899649e+00,9.60600634e-07,1.86494776e+04,1.02949825e+00,5.31346210e-07,1.86494776e+04,1.00347038e+00,8.62629441e-08,1.86494776e+04
161,1.08761633e+00,1.34575875e-06,1.87250047e+04,1.05674201e+00,9.13886995e-07,1.87250047e+04,1.02837100e+00,5.05699866e-07,1.87250047e+04,1.00333777e+00,8.21922706e-08,1.87250047e+04
162,1.08418065e+00,1.27812543e-06,1.88003911e+04,1.05451699e+00,8.68152603e-07,1.88003911e+04,1.02725850e+00,4.80576841e-07,1.88003911e+04,1.00320688e+00,7.81977144e-08,1.88003911e+04
163,1.08079108e+00,1.21198935e-06,1.88756380e+04,1.05232184e+00,8.23416038e-07,1.88756380e+04,1.02616092e+00,4.55988049e-07,1.88756380e+04,1.00307776e+00,7.42813551e-08,1.88756380e+04
164,1.07744828e+00,1.14737646e-06,1.89507466e+04,1.05015698e+00,7.79695607e-07,1.89507466e+04,1.02507849e+00,4.31944258e-07,1.89507466e+04,1.00295041e+00,7.04452487e-08,1.89507466e+04
165,1.07415289e+00,1.08431233e-06,1.90257179e+04,1.04802282e+00,7.37009332e-07,1.90257179e+04,1.02401141e+00,4.08456074e-07,1.90257179e+04,1.00282487e+00,6.66914258e-08,1.90257179e+04
166,1.07090561e+00,1.02282204e-06,1.91005531e+04,1.04591982e+00,6.95374930e-07,1.91005531e+04,1.02295991e+00,3.85533939e-07,1.91005531e+04,1.00270117e+00,6.30218907e-08,1.91005531e+04
167,1.06770717e+00,9.62930240e-07,1.91752531e+04,1.04384845e+00,6.54809803e-07,1.91752531e+04,1.02192423e+00,3.63188121e-07,1.91752531e+04,1.00257932e+00,5.94386195e-08,1.91752531e+04
168,1.06455832e+00,9.04661064e-07,1.92498190e+04,1.04180920e+00,6.15331020e-07,1.92498190e+04,1.02090460e+00,3.41428703e-07,1.92498190e+04,1.00245936e+00,5.59435589e-08,1.92498190e+04
169,1.06145986e+00,8.48038139e-07,1.93242519e+04,1.03980258e+00,5.76955302e-07,1.93242519e+04,1.01990129e+00,3.20265577e-07,1.93242519e+04,1.00234133e+00,5.25386250e-08,1.93242519e+04
170,1.05841262e+00,7.93084552e-07,1.93985528e+04,1.03782912e+00,5.39699003e-07,1.93985528e+04,1.01891456e+00,2.99708435e-07,1.93985528e+04,1.00222524e+00,4.92257016e-08,1.93985528e+04
171,1.05541747e+00,7.39822822e-07,1.94727227e+04,1.03588941e+00,5.03578093e-07,1.94727227e+04,1.01794471e+00,2.79766754e-07,1.94727227e+04,1.00211114e+00,4.60066389e-08,1.94727227e+04
172,1.05247535e+00,6.88274877e-07,1.95467626e+04,1.03398404e+00,4.68608144e-07,1.95467626e+04,1.01699202e+00,2.60449795e-07,1.95467626e+04,1.00199906e+00,4.28832516e-08,1.95467626e+04
173,1.04958721e+00,6.38462019e-07,1.96206734e+04,1.03211362e+00,4.34804302e-07,1.96206734e+04,1.01605681e+00,2.41766583e-07,1.96206734e+04,1.00188904e+00,3.98573177e-08,1.96206734e+04
174,1.04675410e+00,5.90404899e-07,1.96944562e+04,1.03027885e+00,4.02181274e-07,1.96944562e+04,1.01513942e+00,2.23725904e-07,1.96944562e+04,1.00178111e+00,3.69305765e-08,1.96944562e+04
175,1.04397710e+00,5.44123482e-07,1.97681119e+04,1.02848040e+00,3.70753304e-07,1.97681119e+04,1.01424020e+00,2.06336289e-07,1.97681119e+04,1.00167532e+00,3.41047273e-08,1.97681119e+04
176,1.04125736e+00,4.99637011e-07,1.98416414e+04,1.02671905e+00,3.40534148e-07,1.98416414e+04,1.01335953e+00,1.89606000e-07,1.98416414e+04,1.00157171e+00,3.13814273e-08,1.98416414e+04
177,1.03859613e+00,4.56963972e-07,1.99150457e+04,1.02499559e+00,3.11537051e-07,1.99150457e+04,1.01249779e+00,1.73543022e-07,1.99150457e+04,1.00147033e+00,2.87622898e-08,1.99150457e+04
178,1.03599471e+00,4.16122051e-07,1.99883257e+04,1.02331086e+00,2.83774719e-07,1.99883257e+04,1.01165543e+00,1.58155046e-07,1.99883257e+04,1.00137123e+00,2.62488821e-08,1.99883257e+04
179,1.03345451e+00,3.77128091e-07,2.00614823e+04,1.02166578e+00,2.57259292e-07,2.00614823e+04,1.01083289e+00,1.43449450e-07,2.00614823e+04,1.00127446e+00,2.38427236e-08,2.00614823e+04
180,1.03097705e+00,3.39998042e-07,2.01345163e+04,1.02006133e+00,2.32002308e-07,2.01345163e+04,1.01003066e+00,1.29433291e-07,2.01345163e+04,1.00118008e+00,2.15452835e-08,2.01345163e+04
181,1.02856396e+00,3.04746911e-07,2.02074288e+04,1.01849857e+00,2.08014671e-07,2.02074288e+04,1.00924928e+00,1.16113278e-07,2.02074288e+04,1.00108815e+00,1.93579782e-08,2.02074288e+04
182,1.02621700e+00,2.71388695e-07,2.02802205e+04,1.01697863e+00,1.85306612e-07,2.02802205e+04,1.00848932e+00,1.03495757e-07,2.02802205e+04,1.00099874e+00,1.72821689e-08,2.02802205e+04
183,1.02393810e+00,2.39936322e-07,2.03528923e+04,1.01550277e+00,1.63887641e-07,2.03528923e+04,1.00775138e+00,9.15866834e-08,2.03528923e+04,1.00091193e+00,1.53191583e-08,2.03528923e+04
184,1.02172934e+00,2.10401567e-07,2.04254451e+04,1.01407234e+00,1.43766501e-07,2.04254451e+04,1.00703617e+00,8.03916022e-08,2.04254451e+04,1.00082778e+00,1.34701877e-08,2.04254451e+04
185,1.01959304e+00,1.82794965e-07,2.04978797e+04,1.01268882e+00,1.24951109e-07,2.04978797e+04,1.00634441e+00,6.99156140e-08,2.04978797e+04,1.00074640e+00,1.17364333e-08,2.04978797e+04
186,1.01753173e+00,1.57125713e-07,2.05701969e+04,1.01135388e+00,1.07448486e-07,2.05701969e+04,1.00567694e+00,6.01633421e-08,2.05701969e+04,1.00066788e+00,1.01190019e-08,2.05701969e+04
187,1.01554825e+00,1.33401541e-07,2.06423976e+04,1.01006934e+00,9.12646840e-08,2.06423976e+04,1.00503467e+00,5.11388926e-08,2.06423976e+04,1.00059231e+00,8.61892616e-09,2.06423976e+04
188,1.01364579e+00,1.11628569e-07,2.07144825e+04,1.00883727e+00,7.64046858e-08,2.07144825e+04,1.00441864e+00,4.28458060e-08,2.07144825e+04,1.00051984e+00,7.23715877e-09,2.07144825e+04
189,1.01182796e+00,9.18111282e-08,2.07864525e+04,1.00766001e+00,6.28722923e-08,2.07864525e+04,1.00383000e+00,3.52869990e-08,2.07864525e+04,1.00045059e+00,5.97456582e-09,2.07864525e+04
190,1.01009889e+00,7.39515395e-08,2.08583083e+04,1.00654023e+00,5.06699781e-08,2.08583083e+04,1.00327012e+00,2.84646917e-08,2.08583083e+04,1.00038472e+00,4.83191828e-09,2.08583083e+04
191,1.00846340e+00,5.80498267e-08,2.09300508e+04,1.00548106e+00,3.97987076e-08,2.09300508e+04,1.00274053e+00,2.23803156e-08,2.09300508e+04,1.00032242e+00,3.80988139e-09,2.09300508e+04
192,1.00692718e+00,4.41033450e-08,2.10016807e+04,1.00448618e+00,3.02576953e-08,2.10016807e+04,1.00224309e+00,1.70343925e-08,2.10016807e+04,1.00026389e+00,2.90900090e-09,2.10016807e+04
193,1.00549714e+00,3.21062729e-08,2.10731987e+04,1.00356005e+00,2.20440782e-08,2.10731987e+04,1.00178003e+00,1.24263705e-08,2.10731987e+04,1.00020941e+00,2.12968457e-09,2.10731987e+04
194,1.00418181e+00,2.20488928e-08,2.11446057e+04,1.00270822e+00,1.51524532e-08,2.11446057e+04,1.00135411e+00,8.55439163e-09,2.11446057e+04,1.00015931e+00,1.47217597e-09,2.11446057e+04
195,1.00299226e+00,1.39165104e-08,2.12159023e+04,1.00193785e+00,9.57418142e-09,2.12159023e+04,1.00096892e+00,5.41494401e-09,2.12159023e+04,1.00011399e+00,9.36515542e-10,2.12159023e+04
196,1.00194353e+00,7.68770337e-09,2.12870893e+04,1.00125867e+00,5.29626186e-09,2.12870893e+04,1.00062933e+00,3.00229776e-09,2.12870893e+04,1.00007404e+00,5.22477618e-10,2.12870893e+04
197,1.00105792e+00,3.33113962e-09,2.13581675e+04,1.00068513e+00,2.29928566e-09,2.13581675e+04,1.00034257e+00,1.30748160e-09,2.13581675e+04,1.00004030e+00,2.29456406e-10,2.13581675e+04
198,1.00037403e+00,7.98574225e-10,2.14291375e+04,1.00024223e+00,5.52933411e-10,2.14291375e+04,1.00012112e+00,3.16030972e-10,2.14291375e+04,1.00001425e+00,5.62154946e-11,2.14291375e+04
199,1.00000000e+00,0.00000000e+00,2.15000000e+04,1.00000000e+00,0.00000000e+00,2.15000000e+04,1.00000000e+00,0.00000000e+00,2.15000000e+04,1.00000000e+00,0.00000000e+00,2.15000000e+04
