batch_id,profile_type,T_seed,T_final,duration_s,num_steps,seed_mass_fraction,mean_L1_seed_um,mean_L2_seed_um,epsilon_W_kg,lambda_k1,lambda_k2,lambda_kS,final_mean_L1_um,final_mean_L2_um,final_aspect_ratio,final_c_kg_m3
0,linear,33.64373629133578,22.633270638512315,15480.0,259,0.02682893678460283,69.41773478876495,93.53734109820536,428.3419105971059,1.068655433266469,0.910747271842131,0.9880926250949361,279.8096304013487,166.38093546010597,1.6817409376114498,63.773820271096376
1,cubic,34.56058993309161,23.86319072048399,15120.0,253,0.01997218336833794,82.72387217847769,68.27508722095008,219.1451768312526,1.0786314812782198,1.0315994557892956,1.0619410576204897,422.1267373998172,191.1307161444052,2.2085761300705187,64.89106761113663
2,natural,31.12715580877921,25.82418814636942,15780.0,264,0.029016354420991573,79.46387078519676,63.00326022362205,213.14112973616864,0.9170294780962115,1.0439317487781892,1.0587429174178762,271.0310182855672,121.2434040745864,2.235428973264679,72.05675737697528
3,two_stage,31.222758236209213,22.817334867654846,9060.0,152,0.011507880644057736,107.57049262259338,48.61456094305305,400.9441984047531,0.9849164605293594,1.079842767053881,1.04806362448054,359.73269678917757,103.74137607071462,3.467591335437542,63.77962721588015
4,cool_hold_cool,33.82858614498081,22.32487027418105,10020.0,168,0.02642737860732434,73.97524836093098,46.994492148506495,202.20868092530165,1.0688618506005132,1.0395642055820877,1.0492396908703205,330.8647474520281,122.0436288980129,2.7110366222272764,63.77387263992743
5,random_spline,29.68718044121584,23.80132825114551,11760.0,197,0.0232613748749921,136.49988574160255,73.08309920003545,366.07382019739873,1.0142097185788994,0.952948023535027,0.8873962802963055,363.784954351229,115.5118685616981,3.149329665262244,64.75978970467582
6,linear,30.287508036917174,22.451171862347817,15420.0,258,0.014316366118364201,65.83027416890661,51.88303352131979,288.0781273300051,1.0388599635344549,1.013687716561907,1.0681355701855393,297.6387213544194,103.4210501715344,2.8779317253185406,63.774790142955304
7,cubic,31.438321168640424,24.884122307996208,8820.0,148,0.008613225974614233,69.00478607756419,78.34156103578701,338.5631690754162,0.9187052269680644,1.0002507460248073,0.9165549046511604,307.01755486405915,153.24193200717815,2.0034826685014506,67.8148216716672
8,natural,33.177922250466416,22.676937653444185,10860.0,182,0.016140826406992666,123.02825931188887,56.70875663320342,226.2949757948303,0.9083214165089237,1.1108554394918837,1.0980593657698259,422.74406375827067,145.6050039480517,2.90336219426288,63.7789724883139
9,two_stage,34.815058264086346,24.672505423794767,14100.0,236,0.020132760557882295,87.22415618451592,40.78345772920996,470.7807189631525,0.9893863095600667,0.9285672075508553,0.9534295897961567,382.1329247769176,127.51087557123569,2.9968653502299407,67.06212144693163
10,cool_hold_cool,34.13968570455425,24.55111717901126,14160.0,237,0.019666512073927802,122.73088407024433,70.04587813476414,394.953980466446,0.9002666370735734,0.9797937765209463,0.8899874017268542,414.4044774917523,165.7885697905548,2.4995961905895006,66.6625855176251
11,random_spline,32.525867433066274,21.023557811221316,16140.0,270,0.023688650771910666,94.68698045348371,70.454929488885,206.84116130890925,1.110054211177947,0.9957528248662961,1.0678564545400688,378.10094731252076,138.19620109324583,2.735972076811307,63.77280851501176
12,linear,31.91994998502896,22.944241966127127,16260.0,272,0.023436657414154037,107.34894010569539,51.01853978551362,299.4706992027657,1.004961376593169,0.9853387504732113,0.8851868991712794,368.6467011745175,106.24552857183664,3.4697620326229672,63.80490454581303
13,cubic,34.376964631038604,20.841494533991664,12540.0,210,0.010931545010656976,127.22400930398118,51.87402703034049,397.8267904075705,1.054478707428852,1.0644753980602377,0.9058578270294152,551.3575599625742,160.0787095033458,3.4442903848562714,63.772256494225694
14,natural,34.49607107082565,21.381283945369283,7560.0,127,0.022981016673570054,97.09222838624389,84.7873845879448,442.47544161929056,0.9561133342774517,1.108695854816739,0.9498202811536285,346.8458439157645,197.64572430957,1.7548866545299213,63.778275551233186
15,two_stage,34.61626142029378,20.98764690549211,7680.0,129,0.019747620620082024,159.23755640558372,88.50063597529484,424.58240583708476,1.093790197810846,1.0944271935274872,1.004526006492748,518.9945599438444,201.24285227719622,2.5789465517461965,63.776037556362894
16,cool_hold_cool,32.969967579006564,22.24194637324226,8160.0,137,0.028163319506423704,86.24605159228648,91.20878903202676,272.29117250170543,0.9094619037787567,1.0794670413099776,0.9167882359898786,291.116283817739,179.32674668150676,1.6233846272512598,63.777689642321924
17,random_spline,30.861942037400567,24.664429029447064,16560.0,277,0.021520012027463245,74.38975025512508,35.83617726249209,268.89680899965657,0.9116373322687651,1.042638081667086,0.9092398011108475,286.4443970919628,87.59373500909247,3.270147083718134,67.0277815569588
18,linear,33.165574613857316,23.486699655325413,9120.0,153,0.029711362206921096,131.5407129615802,79.33904023493251,239.31732546719397,0.9097009128760827,1.1026150122415619,0.9754187665179858,377.1578722327463,167.02740356910869,2.258059840322518,64.25884204954332
19,cubic,31.9315042721092,23.977185276581494,16380.0,274,0.015734048125815487,152.48084293120274,36.49156948317538,366.5594126980474,1.0321540268034606,0.9054153769001808,0.913681503295339,493.1321739899704,81.71309721983759,6.034922072079433,65.12462432023352
20,natural,31.51468591589782,25.79739147285909,12960.0,217,0.033191626983205706,140.43609156129708,63.042896093317495,435.42903477565625,0.8842808281544771,0.9061945592237765,1.0790628675718568,315.84331697780226,101.84340400348816,3.101264338797872,71.9057384748797
21,two_stage,32.18461754359432,23.636094924200066,15540.0,260,0.024283893248145595,101.25715692736804,57.45104260443096,327.76462591205296,1.036463446139194,1.088197751620558,0.988935251698312,331.91321439187135,116.75900711170898,2.8427204256226157,64.47475147034238
22,cool_hold_cool,33.47608568146068,24.899412580543462,8220.0,138,0.009797089137789811,119.4433663756452,43.770394651561894,447.3992571369024,0.9544803217417779,0.9145292639130742,1.101032913396988,441.0998232806992,106.59948897693072,4.1379168654003395,67.86617111434266
23,random_spline,29.12688809801864,20.28400606392912,8880.0,149,0.009441312180933735,119.11438161109713,75.8428716079704,318.0891370496085,0.9563178632684919,1.0010862968853353,1.0900011861363061,371.2544651495189,130.20972890559054,2.8512037331611335,63.773524580855785
24,linear,29.260850372076753,20.95483597565721,9480.0,159,0.01473346454746972,117.12326517427728,59.97574554219153,214.7762359782782,0.9696673932302973,1.005700707692233,0.9044012566968919,417.8315462194722,117.20060346017112,3.565097225471762,63.77465982658399
25,cubic,29.311771198790627,24.912548403285836,8160.0,137,0.030776523693139327,150.26531439276172,93.77424083519557,440.60776408207806,1.067074609785119,1.0341959862389316,1.0669591250987511,317.2467829544413,129.4973351108298,2.4498325211320124,67.91638695361459
26,natural,29.80731325047888,23.113115008316903,12180.0,204,0.031154447891309056,106.2799365593516,58.105369766021205,391.86898137113303,0.9439511962002031,0.9135444186289496,0.994690545765699,287.2878269746531,94.58765806613033,3.0372654619886847,63.88564272327264
27,two_stage,31.205070860690768,22.198354698957484,10380.0,174,0.018245530152627084,128.57433454559455,52.81258847427711,484.6573780146021,1.0999235246891628,0.9954185027920189,0.9588066892011253,378.10814065697366,95.07995283378266,3.9767388328218525,63.771492459305044
28,cool_hold_cool,32.91552404336061,24.826350967682465,12360.0,207,0.025088775990225763,88.81556141824619,79.09358973861745,260.7213779377155,1.0467515509164396,1.0865725763982146,0.9117046809523706,334.245406272488,159.28208593381083,2.0984494540797427,67.60155474375127
29,random_spline,34.61563893620376,20.824447580226813,16440.0,275,0.029623872754297613,119.36820044663541,81.95744627777282,438.5344516949258,1.1070464950761594,0.9408120049214049,1.0216182148859942,432.98194791721716,174.95134931560776,2.474870583227848,63.780482247866395
30,linear,32.69699420014473,21.027747824556734,12660.0,212,0.023455623878913943,106.59851529812275,66.35790653078737,429.17701700197637,1.071818731962896,0.9981167717381031,1.023902425965427,335.967335884357,121.80743857289838,2.7581840634740042,63.7685213114603
31,cubic,29.718401531006737,20.66964521052954,8100.0,136,0.025762308696094253,101.86083007903795,81.4592849685106,401.36942399257777,0.9600730619987772,1.0956079713667686,1.0630077152969566,262.22864526230353,128.61221678788513,2.038909302798089,63.77082103759285
32,natural,30.623209645461053,22.185152106632323,10260.0,172,0.012255514512874991,74.77833725421918,91.16764780254464,331.371211159626,0.9719967574665784,1.0551245700825709,1.0127183356606961,281.6997445559301,158.08432431925016,1.7819587474532868,63.777833987664685
33,two_stage,31.876217384747243,22.258156840884958,16680.0,279,0.027379526372098378,155.11946600038414,42.10871463302248,455.16010375723476,1.0328977321578898,0.909261202800427,1.021181919992613,402.8905252546262,79.0389944880386,5.09736400196232,63.771453790806234
34,cool_hold_cool,31.72590777105048,24.952397067177927,10080.0,169,0.020380798208560882,104.23141270678933,53.115643486549494,475.53256865466625,1.067510568503564,0.9065412186390666,1.1192883178810176,324.6981708219196,92.58641402886573,3.5069742599674316,68.07865502237276
35,random_spline,34.994628382845434,23.99410841663922,13500.0,226,0.010441899628571585,149.70333988966254,36.73997019226816,272.2484174123441,0.9143252500399924,1.0664243057661325,0.9275690145310955,632.1271388991216,177.7857799888356,3.555555112106363,65.15652864314742
36,linear,32.93761423596494,20.216976262968178,7260.0,122,0.009394763759388771,120.5925177647728,83.08890865156492,271.56584618821654,1.0838581223015376,0.8937356656367825,1.0722313248740023,497.6675542946575,157.5161574170088,3.1594698756974546,63.77543175133014
37,cubic,33.63265039462628,24.188724703871824,15300.0,256,0.009084085087770795,80.17821107190555,42.49542075833858,351.35929705789596,1.0588451507989227,1.0312028426983357,1.0842714639428646,415.9194584591118,123.0242008501566,3.3807938241818083,65.62844496137278
38,natural,29.931277954646546,24.357241887613398,9060.0,152,0.015310486285580608,130.9904697281304,93.81228709392092,383.46308179312086,0.8930800755979109,1.027914152782608,0.8901641323792401,337.57518657661643,151.22911165759047,2.2322103388463095,66.07730335271542
39,two_stage,30.03876707853502,20.55032603494519,9000.0,151,0.0344607338479632,105.856064245849,82.04485690048448,390.9225026323331,1.0173791559900731,0.914831261119612,1.1070458688539428,268.9886064445834,118.22762172933585,2.2751756527792795,63.776625931606155
40,cool_hold_cool,33.198655667534396,23.895398931471853,16260.0,272,0.012007852727841566,110.83527384469421,59.24206344444596,342.25061884478544,0.9086122062874588,0.9121827063694637,0.9467381309875018,422.2450398492335,134.33237442119812,3.1432857616681993,64.94873426913506
41,random_spline,31.47086537951342,22.45269865657218,9300.0,156,0.023884268707043226,91.70409113172379,37.16359005664182,325.5200132470581,0.993791842021641,0.9341422883690107,1.0173899039493077,325.55200845578275,80.20212837373286,4.0591442528650505,63.77480913332274
42,linear,33.212013086662225,23.88769089320726,13500.0,226,0.016537782099249165,138.7432221985954,67.94866301598076,329.425458553967,1.0302429954258538,0.9665577602680611,1.003057418705622,458.78919615457136,138.74575623920379,3.3066899384194395,64.93457436970047
43,cubic,34.31841732034225,25.52634318377115,12060.0,202,0.022047428097995366,139.98704107638366,53.86704150465208,451.21470870352056,0.9985939951641817,0.9078056138404644,0.8972941952975065,484.2395351602648,132.9514106712244,3.6422293882818657,70.5624759400594
44,natural,34.05195926623678,20.33340750144127,9900.0,166,0.01702151109354174,77.2994445191594,53.83360218811936,422.8077700175257,0.883523882454417,1.078521621884965,1.085571525657894,305.95876100765963,145.1802968333476,2.1074399741644663,63.77664090886463
45,two_stage,32.605042447670485,20.718035335189366,10740.0,180,0.03387758788432626,159.5464472583637,81.32629348127514,293.28845297622985,1.0450396117998624,1.0492975277161631,0.973082006839276,408.8645960903253,142.6245629275638,2.8667193623441953,63.775265724511975
46,cool_hold_cool,30.25434595161345,23.150529817803566,8820.0,148,0.012479485432666408,143.6304290550238,94.34798016101634,366.79082840853454,1.0813767354116113,1.1176771994383055,0.913983013256506,402.5958256654515,154.27823656055284,2.60954386464896,63.911870028748
47,random_spline,31.602674163935557,22.81596160514241,8700.0,146,0.01288501961023344,150.7103622156215,37.678945338456735,269.85568548311187,0.9500942392754869,0.9976474101763808,1.020746841523551,490.0169991335477,92.8447234913163,5.277812036129104,63.77969523690142
48,linear,29.50469200734129,21.341314286789686,15300.0,256,0.025214894912918395,124.91490501342746,75.2121953210813,428.8709057118587,0.8939460356131473,0.967986012383827,1.009486584462803,295.20935892782296,116.20112351285903,2.540503482267575,63.775238118312835
49,cubic,34.06687323972312,22.895435051523762,14580.0,244,0.031004418955791566,110.47914829034981,89.573134632281,376.1371821610942,1.0840658317200933,0.9617417909419659,0.9997160700475565,377.4903413747772,174.01352769854526,2.1693160662125526,63.792843629087045
50,natural,32.18846624602747,20.62987829537642,11040.0,185,0.03276811715889526,123.08322403647425,45.65039494621805,301.6566906828815,0.9259847223190479,0.8859575516316575,1.1025905100409665,352.2751406149244,89.90910671370723,3.918125243271022,63.77983783188634
51,two_stage,32.59086314934642,20.043886737758093,9900.0,166,0.026981903573870102,123.37697730692629,93.90835685255213,386.10731289741324,0.9946014096706559,1.062743815164162,1.0967986892713728,318.5314060404554,157.5504886739566,2.0217735198501434,63.769100527154954
52,cool_hold_cool,33.69203102442906,25.200808629571558,8340.0,140,0.02777516458083227,104.00886995273687,68.18622814467652,396.23072284470703,1.1127556280093367,1.11629873954359,0.9491747789170973,353.3996082871224,144.12593334741862,2.4520195642740097,69.08465550658191
53,random_spline,29.24568176171432,24.07769466667378,11940.0,200,0.03460958457636301,106.49734561936532,93.67501874443042,323.472800658218,1.0704837161343934,0.9003566253548397,1.0133108104330635,284.86369220813884,130.62073822477515,2.1808458295338897,65.34840015442391
54,linear,34.54821000331933,24.93549854370459,7560.0,127,0.018062963215281825,64.86984723138512,41.55693746687348,402.5916886002452,1.0511819671148077,1.0656929638603905,1.0877095715333591,321.0015257315728,129.1628875871429,2.4852458142436715,68.01084267397933
55,cubic,33.805229552639794,20.293782258939675,9480.0,159,0.02479123988113164,145.81253046248233,35.27000749637955,354.38880263490495,1.0425489758474553,0.8871057493908672,0.9763253338128132,501.4747291569344,93.14450543035495,5.383835867075293,63.77193253942794
56,natural,34.37380928830218,24.029676853135154,9540.0,160,0.031025090500061643,94.80314234095144,86.20068026864358,289.6830953356717,1.021676860211956,0.9752656162594803,0.9459580121812161,372.24341367149344,185.9795847143252,2.001528362606464,65.238081486655
57,two_stage,29.50886954741458,21.883630899194884,14100.0,236,0.02980065336135961,159.8743370066765,52.78172342066989,322.38258533938466,0.9128371067271104,1.017969263109528,1.1194192089431003,363.17581619450516,91.29358626858429,3.9781087701610014,63.77448285042654
58,cool_hold_cool,31.354214557530764,25.49179256171333,12000.0,201,0.011627906659452661,96.53784631991336,39.030000130866014,260.5937113066345,0.884240507439979,0.9887871799600393,1.0322896635884313,374.8700897905224,97.9659963734268,3.8265327120401302,70.39050819396714
59,random_spline,32.24513982166971,21.70724525067095,15840.0,265,0.014347622155777806,92.53427305166771,89.54388886537691,358.8626165855217,1.0581563078603144,1.021778750599304,1.036825410162279,332.0802877780718,158.2763949484882,2.098103686820444,63.77427019305871
