batch_id,profile_type,T0_seed_celsius,c0_solute_kg_m3,cs0_solubility_kg_m3,S0_supersat_ratio,sigma0_rel_supersat,mean_L1_0_um,mean_L2_0_um,aspect_ratio_0,mu00_0,mu11_0,epsilon_W_kg,lambda_k1,lambda_k2,lambda_kS,duration_s,duration_hr,total_timestamps
0,linear,34.702703306823125,231.0722909342507,222.9426970787869,1.0364649479977845,0.0364649479977846,114.7190397346276,54.51244703273512,2.1044558807961415,52744664455.10397,329.84485524957694,435.81929158308617,0.910747271842131,0.9880926250949361,0.9689915258158195,12240.0,3.4,205
1,cubic,34.416503264177464,218.54677502475255,212.99083352670672,1.0260853549706832,0.026085354970683147,77.30679483134926,36.276345122083505,2.131052468797033,197437873666.59787,553.6963464083511,389.49931973661944,1.0619410576204897,0.9650862323511684,1.1129675258547769,8880.0,2.466666666666667,149
2,natural,34.96486646690884,237.15621120372424,232.53664571180772,1.0198659676962991,0.019865967696299086,78.96020526825048,38.08578984135095,2.073219581296982,103027042316.90256,309.8292870448447,423.42864677234513,1.1122023357842106,0.9581980859531565,0.9689103294483685,10620.0,2.95,178
3,two_stage,33.28582731173804,182.18638928061065,178.49638112256076,1.0206727337262722,0.020672733726272166,107.44489034129357,51.653563921156746,2.0801060408009,73907008221.79716,410.1773556918815,293.7099924146123,1.0797423523348484,1.0731434457992326,0.9729948109672419,12060.0,3.35,202
4,cool_hold_cool,33.307455463940485,181.80912780221433,179.08981784581118,1.015184056743775,0.015184056743775143,103.72050472697703,49.1033075725267,2.112291612408787,99897907588.6946,508.78202584182486,337.674732661502,1.0164978870286945,0.9135512795506378,0.9074872176486336,12900.0,3.5833333333333335,216
5,random_spline,34.396380304001305,218.46371958852745,212.31091136943172,1.0289801790186353,0.028980179018635244,82.47571429650266,43.73434778464724,1.8858338691278118,77236368059.73412,278.5932457985337,322.55859311739084,1.08481673758436,0.9361454766076818,0.8939926580053759,9420.0,2.6166666666666667,158
6,linear,33.6459062670867,194.1563432863786,188.69809909297234,1.028925803808532,0.02892580380853198,91.67266991134838,43.127737228801415,2.125608153866414,137363305373.13435,543.0843469760553,250.0918759723112,0.8854508975521265,0.9016114865861541,1.0533662441431482,12900.0,3.5833333333333335,216
7,cubic,33.354797913873924,183.7901572239674,180.39728078322332,1.018807802567829,0.01880780256782907,81.85699343466393,42.62042452192965,1.9206048356591507,119744980233.49168,417.76386942028716,389.0847779356665,0.9668350265328137,0.9010359806358642,0.9083214165089237,12240.0,3.4,205
8,natural,35.11617486200893,246.03341296417548,238.29070958496533,1.0324926783452688,0.032492678345268866,105.53772625380877,50.575018079315896,2.0867560756635983,162693424794.15887,868.3879360125015,334.8084506431366,0.9453379748428382,0.9031338309168399,1.0966245751705221,9120.0,2.533333333333333,153
9,two_stage,33.67310457313144,193.17701175144094,189.49710687478935,1.0194193195734809,0.019419319573480857,97.43696845622455,49.38925911901873,1.9728372159100416,121368191829.235,584.0649657763225,388.19265221073294,1.0201835125390566,1.035963184373157,0.9002666370735734,13380.0,3.716666666666667,224
10,cool_hold_cool,34.086779802337944,205.9289902310743,202.1660523279317,1.0186131047216511,0.018613104721651084,83.3555804225798,38.41185937073772,2.170048047350719,168054532537.02054,538.0842005498257,374.3183419101185,0.9632487530883609,1.0218197179555402,0.8854729290471274,7980.0,2.216666666666667,134
11,random_spline,34.070648327843955,209.40609504132163,201.6533968317363,1.0384456613743747,0.038445661374374676,77.96125665751384,40.33951326183787,1.932627598937021,155724453202.701,489.7408145091932,356.2017207414613,0.9853387504732113,0.8851868991712794,1.078310061806646,11340.0,3.15,190
12,linear,33.30854799579694,182.29285882216791,179.11985914846295,1.017714393528386,0.017714393528386115,100.75231308060386,48.18845269383804,2.090797845714753,70469050203.08699,342.1341498245582,430.5942475752971,0.9058578270294152,1.099842842833026,0.9352513578147714,12060.0,3.35,202
13,cubic,34.22067543266127,213.86213347581375,206.48150502503046,1.0357447435783103,0.03574474357831024,103.59495141230222,54.0579879013949,1.9163671352560476,74968196381.04619,419.8319927090215,354.51713876951436,0.9414316217362247,1.1046504568117512,0.9195058762196844,13020.0,3.6166666666666667,218
14,natural,33.098803362663126,180.3700397074726,173.46452301546202,1.039809389101396,0.039809389101396024,113.94378708854504,52.815849817570495,2.1573786558791452,89904483939.94925,541.0485959123571,355.6575081159347,0.9558229724393904,1.065282983706637,1.0387987031602628,13680.0,3.8,229
15,two_stage,34.64293714496786,229.30435418405844,220.82036323107923,1.0384203287633444,0.038420328763344495,96.08520893311653,51.62225344249812,1.8613137266497979,69164592980.41731,343.0657189300067,253.78049244732173,1.0238518699650025,1.0898948898009915,0.9271443197714976,8940.0,2.4833333333333334,150
16,cool_hold_cool,35.13801813733413,243.58213450943413,239.13483926684415,1.0185974375637812,0.018597437563781145,77.94746502495812,37.63644435573042,2.0710634694451433,145545498544.85654,426.9817975851072,236.54975138855934,1.0015191835889519,1.046622984554293,1.0194679862130167,7320.0,2.033333333333333,123
17,random_spline,33.28832705342609,185.38407013311857,178.56484584706297,1.0381890637751627,0.03818906377516279,92.46004364007167,44.771680907030664,2.065145685105433,86171840489.44177,356.71622450485836,486.686977114091,0.9487470944516933,1.1019540230348865,0.8859662779327016,10080.0,2.8,169
18,linear,34.39474524569839,216.1843115065811,212.25577758528175,1.0185084899265977,0.01850848992659776,101.96882936467678,46.92085106468746,2.1732092886400847,159161960761.84464,761.5047121577215,441.3082746838912,0.99217158437327,1.0683432278205252,0.8842808281544771,10260.0,2.85,172
19,cubic,34.82474295274202,232.08306209715408,227.35052926285692,1.0208160185491608,0.020816018549160823,106.86881912847,52.35477907552021,2.04124286293549,110215632360.53351,616.6667589092021,323.7714707821041,0.9698041704177239,0.9822117007296424,1.036463446139194,11040.0,3.066666666666667,185
20,natural,34.90847938985512,235.31768300845118,230.43341878171915,1.021195989073784,0.02119598907378407,94.55810293307555,51.33137526847821,1.84211123194165,145124817335.33014,704.406470684278,219.96765708655346,1.0226640793015485,0.9150815786062476,1.077919405709522,8940.0,2.4833333333333334,150
21,two_stage,35.02613503947239,240.04146201970474,234.84711308898198,1.0221180020584484,0.02211800205844834,64.54623634055523,35.4229603267288,1.8221581636657038,155237731001.79608,354.9384618398389,252.3924412807558,0.8928116638305221,1.0218745158666331,1.0433714864318817,8340.0,2.316666666666667,140
22,cool_hold_cool,34.10995772144891,210.26641779451347,202.90535823003125,1.0362782906705552,0.036278290670555276,75.48657125737269,39.73489742208792,1.8997550303328847,114772732262.38022,344.2552055700161,371.3697955228318,0.9799029821687661,0.8918209887826226,0.9696673932302973,7560.0,2.1,127
23,random_spline,35.03465211183974,243.65753839624958,235.1703864165376,1.036089373789944,0.03608937378994388,107.78690654697294,51.04051760547187,2.1117910163085316,157427371611.2455,866.086606402385,392.7449827986643,1.0669591250987511,0.9122925300191553,1.008656328627433,13740.0,3.816666666666667,230
24,linear,34.88665871706963,235.2804586269639,229.62541892153274,1.024627237402509,0.02462723740250898,75.25628180844535,37.79536821907914,1.9911509096094986,152314639898.2357,433.23445252214606,325.0668105784655,0.9358167857269297,0.9682028344276308,0.9679341879582994,11820.0,3.283333333333333,198
25,cubic,33.834820975399246,198.69037897731872,194.33306022855777,1.022421911864282,0.022421911864282093,86.17313091075596,44.61820856600157,1.9313444820018755,175836313361.86795,676.0714108488056,360.63043694900097,1.08365451730567,1.0366209617344246,1.0730540387072987,14040.0,3.9,235
26,natural,34.17198900734463,209.4493928441285,204.89981971353964,1.0222038903545616,0.022203890354561575,104.84700757891831,48.89596257636996,2.1442876273303577,68941886332.58844,353.4371545011623,239.63085119046318,1.0274511377300608,0.9028229795751843,1.0541717507851425,12540.0,3.4833333333333334,210
27,two_stage,33.302297446083166,185.21520960403404,178.948071559324,1.0350221044021275,0.03502210440212755,110.88611432863888,50.90229677966172,2.1784108251269325,101113060174.09898,570.7183000171723,276.01500615175615,1.0216182148859942,0.9028118074154563,1.0278797680057892,11520.0,3.2,193
28,cool_hold_cool,34.259347130874474,213.5787605311352,207.7481438416233,1.028065794387828,0.028065794387827993,91.47255866429838,44.843064311508584,2.039837376609045,162520692930.14465,666.645228058314,479.3708707070306,0.9087360612402695,0.9081048558160265,0.9010501628585844,12720.0,3.533333333333333,213
29,random_spline,33.734003068322124,197.81734333158548,191.30099929880154,1.0340633036767664,0.0340633036767663,76.92287759749232,41.288799604085256,1.8630446594499999,129310142413.61917,410.69590170337534,244.3350117626575,1.1046705912101786,0.9850969689277008,0.9719967574665784,9180.0,2.55,154
30,linear,34.21658474355638,213.46861824986829,206.3480550341451,1.0345075373477348,0.03450753734773478,114.23269804559479,54.73263089848645,2.0871040944014574,71882855256.33708,449.4300201660878,485.35839800115235,0.9084348585320899,1.084128083005788,1.0328977321578898,10680.0,2.966666666666667,179
31,cubic,34.29416759993229,212.09420062092528,208.89650336878907,1.0153075671472152,0.015307567147215217,81.13608857367431,40.907180506881794,1.9834192327194204,203473445250.97488,675.3382578511684,332.69423812036797,0.952462573946198,1.100426054923733,1.067510568503564,10500.0,2.9166666666666665,176
32,natural,33.24329450419145,183.8942937042191,177.336393755379,1.0369800006076937,0.03698000060769366,81.66916343566955,37.12839063742765,2.1996418921896956,194781446670.1608,590.6249904440468,399.7054208319611,1.0360300037341112,0.9017057744761918,1.09528801573519,9300.0,2.5833333333333335,156
33,two_stage,33.314648125366595,182.86541305225253,179.2877078940441,1.0199551056803224,0.01995510568032245,64.37944611576792,35.72325420989392,1.8021719336514803,220870630918.16965,507.9678449877542,215.49737510431967,1.0254220426354548,1.0723556346062597,0.9372526769505732,13800.0,3.8333333333333335,231
34,cool_hold_cool,34.76212047801169,232.79693203952485,225.07620814854525,1.0343027099776094,0.034302709977609425,67.33521084552693,35.80302599094133,1.8807128442876222,310392158162.69836,748.2947508289387,237.4771037916929,1.0010874376463168,1.0588451507989227,1.0312028426983357,12240.0,3.4,205
35,random_spline,33.595669252899164,194.6296352401148,187.23297419718475,1.039505119622467,0.03950511962246694,85.98883883807541,47.32617939855066,1.8169402206320668,63710789857.54549,259.27253825173483,465.24371341004513,1.050298788424149,0.9215506831414008,0.9020130413978076,11640.0,3.2333333333333334,195
36,linear,35.156059795019225,248.13341020042662,239.83464609028252,1.0346020237085352,0.034602023708535205,82.56740567666915,37.90260509330099,2.178409781423239,204275098626.6654,639.2829598631066,290.4027897544154,1.0187241317938103,1.047946226701376,1.035815957258874,11820.0,3.283333333333333,198
37,cubic,33.32656577782413,184.12470727251852,179.61618656148258,1.0251008597685192,0.025100859768519116,72.01877105097071,37.681892197455305,1.9112302183125032,100930553276.10545,273.9056954935082,291.4113811282494,0.9826967712835241,1.0266370112887908,1.0323109881803831,10620.0,2.95,178
38,natural,33.90598397248826,200.52481440193222,196.50804972246542,1.020440713167424,0.02044071316742397,70.27645414221263,35.72119668554727,1.9673600176627442,156791256149.2437,393.6023473890082,342.2398025270511,0.9341422883690107,1.0173899039493077,1.015785256103661,11460.0,3.183333333333333,192
39,two_stage,34.435352724346274,221.03997861421638,213.63004829934326,1.0346858055496488,0.034685805549648896,92.39185993785196,47.52024961882114,1.9442629337801016,112654586470.77391,494.60818725154337,353.82177338202746,1.0568093652357329,1.09273669281369,1.101053727350846,11160.0,3.1,187
40,cool_hold_cool,34.75971490368044,233.07426458154012,224.9893707507346,1.0359345590586266,0.035934559058626685,77.86742075020814,36.44118294145887,2.136797284415785,121526644809.2244,344.8416891580515,216.67037507206336,0.9473467446720775,0.9601912097203711,0.9215186668459825,10800.0,3.0,181
41,random_spline,34.88440565186403,233.8668254154995,229.54217678294737,1.018840322476516,0.01884032247651586,92.35310044609581,42.29838722156505,2.1833716723603893,89125370398.20937,348.15820645581164,498.6393417750911,1.0653051739251007,0.9546307623809839,1.0450396117998624,11580.0,3.216666666666667,194
42,linear,33.85325172936003,197.8692585259556,194.8935860058994,1.015268191124392,0.015268191124391881,71.43508283157165,38.27502608516592,1.8663627471506135,178220767559.98224,487.2875974336626,450.8912871650714,1.1173919206440655,1.0134326627268277,1.0813767354116113,8760.0,2.433333333333333,147
43,cubic,33.31151095485131,183.64812223309545,179.2013626528233,1.024814317896048,0.024814317896048096,86.81529551035422,43.67558054645186,1.9877307736761607,146068065920.37857,553.8475171562811,245.20189214397206,0.9234223965354084,1.0977048693174918,0.8907157813538269,7800.0,2.1666666666666665,131
44,natural,33.512275026876154,189.8687485211338,184.83118590530543,1.0272549385600396,0.027254938560039636,69.60346575617591,36.68230669113764,1.8974669816222858,177454816492.20502,453.0804195395874,453.0765154287624,1.0330212881148302,1.035795772032226,1.0408487812843252,11460.0,3.183333333333333,192
45,two_stage,33.80653844685175,198.01591300395825,193.4766769575181,1.0234614120824332,0.023461412082433263,107.8378715202529,50.37255178918758,2.1408062067524676,86048874762.5537,467.4234051183246,351.4374448710494,1.098292538529124,1.0209097457288754,1.0840658317200933,13320.0,3.7,223
46,cool_hold_cool,34.16910429021007,209.91930711277968,204.8065546494274,1.0249638126675384,0.02496381266753844,74.61540871279783,38.55013164873935,1.9355422542438419,198263117986.17154,570.2907395991808,257.48090289881,0.8859575516316575,1.1025905100409665,0.9875697587816492,13860.0,3.85,232
47,random_spline,34.54667362453757,226.05048084536477,217.45133545237397,1.0395451486885634,0.039545148688563396,108.56074853768219,50.22865126368015,2.1613311487856217,97352300465.49399,530.8484630936152,416.2087840155055,1.1111706936518513,1.0676812409771625,1.0880323451828624,11700.0,3.25,196
48,linear,34.61130970658633,226.0404054712406,219.7067871784643,1.0288275950602819,0.02882759506028185,104.75027207202423,54.69156162863249,1.915291298195162,139321793670.34586,798.1684202952209,420.12604923137485,1.0599960491044647,0.9631582867151317,0.909728745967413,11940.0,3.316666666666667,200
49,cubic,34.7101548805642,232.05663870770857,223.2089690424978,1.0396385042373733,0.03963850423737323,91.54157039914783,43.2315200438812,2.117472860223989,208195301871.36914,823.9290004875102,225.4457816935496,1.0133108104330635,1.072494348876574,1.1019284001327734,10560.0,2.933333333333333,177
50,natural,34.80968279935835,232.31639949529975,226.80114927258717,1.0243175585326683,0.02431755853266831,101.14995557769328,48.50611257334968,2.0853032785246794,69307783561.95865,340.0510946498046,432.1162048254879,1.0877095715333591,1.0574635524343625,1.0722091821055917,7560.0,2.1,127
51,two_stage,34.36817510142554,214.55640667050898,211.36219484078953,1.0151125031234915,0.015112503123491496,69.77990461466437,35.59214578257226,1.9605422230213552,244334724867.97885,606.8337634260504,468.69046441510903,1.0411870741254061,0.9370380072065434,1.084667471111659,10920.0,3.033333333333333,183
52,cool_hold_cool,33.657676032461595,193.7549823205909,189.0433598218881,1.024923501693696,0.024923501693695994,71.0680157764909,38.75187363878982,1.8339246364943058,234352527015.75296,645.4112575257467,302.5780815636981,1.0522333954339762,1.0737835854343076,1.1196984088160236,9180.0,2.55,154
53,random_spline,35.19467608197842,248.55175111067643,241.34042183352133,1.0298803210103342,0.029880321010334263,83.30428744064399,44.93833192260699,1.8537467653252246,225749296360.54623,845.1050695825684,309.61353895974,0.8961200005234641,0.9284749690453076,0.884240507439979,10080.0,2.8,169
54,linear,34.395988582893956,217.71331869940514,212.29770109125533,1.0255095442876319,0.025509544287631827,87.68557774787465,45.817132738899026,1.91381635004473,162991971399.16327,654.8205311407606,469.09903963189856,0.9364233080513583,0.9580822553240025,1.0981755554615078,14160.0,3.933333333333333,237
55,cubic,34.63309948871955,227.38202981753082,220.47328336966584,1.0313359802252373,0.03133598022523729,77.18693611403052,41.44984694337331,1.8621766256333692,126581831413.35493,404.98422636078834,462.2943095872422,0.9479792639800274,1.0147574546594524,1.0700738620339298,9360.0,2.6,157
56,natural,34.72441304062657,229.73899090274952,223.71949730164346,1.0269064327146682,0.026906432714668197,110.84478080382999,51.29276886235766,2.1610215876876926,114024488783.849,648.2903040914752,436.27695086880175,0.9244430427888563,1.0149209760970175,0.9044545977554908,14400.0,4.0,241
57,two_stage,34.12801054146025,206.71800139507974,203.4834150330158,1.0158960687854541,0.01589606878545416,68.00464546638939,35.82158186609694,1.8984266446019755,122930586952.55624,299.4630863645765,219.65913017551472,0.989228282178823,1.003861072301707,0.9550167877668602,14160.0,3.933333333333333,237
58,cool_hold_cool,33.84590963157784,200.9880288911987,194.67006203089005,1.0324547431402478,0.03245474314024781,84.33463560468564,42.88251554356195,1.966643853227659,107088501169.35974,387.283564299087,200.49821230244015,0.9068968890396875,1.0870634952978109,0.880295935002858,8700.0,2.4166666666666665,146
59,random_spline,34.717278502558486,228.2702884698238,223.4638681334598,1.0215087135853813,0.021508713585381284,92.46366485875046,44.5972680110213,2.073303343063525,98742066400.90308,407.17543554276347,268.47586263902616,0.959376578093168,1.1032923082213961,0.89165662956327,9540.0,2.65,160
